date, price
4/1/2000,70.04 
5/1/2000,65.22 
6/1/2000,62.00 
7/1/2000,63.25 
10/1/2000,63.79 
11/1/2000,65.40 
12/1/2000,64.32 
13/1/2000,63.43 
14/1/2000,62.54 
17/1/2000,63.25 
18/1/2000,66.47 
19/1/2000,65.75 
20/1/2000,65.58 
21/1/2000,65.93 
24/1/2000,66.83 
25/1/2000,67.72 
26/1/2000,70.04 
27/1/2000,72.90 
28/1/2000,73.26 
31/1/2000,69.86 
1/2/2000,70.76 
2/2/2000,72.90 
3/2/2000,73.26 
4/2/2000,73.26 
7/2/2000,73.26 
8/2/2000,75.05 
9/2/2000,77.55 
10/2/2000,80.05 
11/2/2000,86.48 
14/2/2000,81.84 
15/2/2000,77.55 
16/2/2000,77.90 
17/2/2000,76.47 
18/2/2000,74.33 
21/2/2000,72.54 
22/2/2000,71.11 
23/2/2000,74.33 
24/2/2000,76.47 
25/2/2000,74.69 
28/2/2000,71.29 
29/2/2000,74.69 
1/3/2000,72.54 
2/3/2000,72.54 
3/3/2000,72.90 
6/3/2000,76.83 
7/3/2000,79.33 
8/3/2000,78.26 
9/3/2000,76.12 
10/3/2000,78.26 
13/3/2000,76.12 
14/3/2000,73.62 
15/3/2000,73.97 
16/3/2000,72.19 
17/3/2000,75.40 
20/3/2000,74.33 
21/3/2000,77.19 
22/3/2000,80.05 
23/3/2000,82.91 
24/3/2000,81.84 
27/3/2000,83.26 
28/3/2000,85.05 
29/3/2000,85.41 
30/3/2000,83.26 
31/3/2000,83.26 
3/4/2000,78.62 
4/4/2000,78.62 
5/4/2000,74.69 
6/4/2000,75.76 
7/4/2000,76.12 
10/4/2000,76.83 
11/4/2000,75.05 
12/4/2000,73.97 
13/4/2000,72.19 
14/4/2000,70.76 
17/4/2000,63.25 
18/4/2000,64.15 
19/4/2000,63.07 
20/4/2000,62.18 
21/4/2000,62.18 
24/4/2000,62.18 
25/4/2000,61.64 
26/4/2000,61.29 
27/4/2000,63.25 
28/4/2000,66.47 
1/5/2000,66.47 
2/5/2000,66.29 
3/5/2000,65.93 
4/5/2000,62.18 
5/5/2000,61.11 
8/5/2000,59.50 
9/5/2000,59.50 
10/5/2000,56.64 
11/5/2000,56.64 
12/5/2000,59.14 
15/5/2000,58.61 
16/5/2000,59.86 
17/5/2000,57.18 
18/5/2000,52.00 
19/5/2000,52.35 
22/5/2000,52.89 
23/5/2000,52.71 
24/5/2000,51.82 
25/5/2000,52.00 
26/5/2000,50.39 
29/5/2000,50.03 
30/5/2000,50.03 
31/5/2000,50.92 
1/6/2000,53.43 
2/6/2000,55.21 
5/6/2000,56.11 
6/6/2000,56.11 
7/6/2000,55.39 
8/6/2000,55.75 
9/6/2000,57.53 
12/6/2000,57.89 
13/6/2000,56.64 
14/6/2000,58.79 
15/6/2000,60.04 
16/6/2000,62.36 
19/6/2000,62.54 
20/6/2000,61.11 
21/6/2000,62.00 
22/6/2000,61.29 
23/6/2000,60.39 
26/6/2000,61.64 
27/6/2000,62.00 
28/6/2000,62.18 
29/6/2000,60.93 
30/6/2000,61.29 
3/7/2000,62.18 
4/7/2000,63.43 
5/7/2000,64.86 
6/7/2000,65.04 
7/7/2000,65.40 
10/7/2000,66.65 
11/7/2000,66.83 
12/7/2000,68.26 
13/7/2000,66.65 
14/7/2000,68.79 
17/7/2000,68.97 
18/7/2000,67.72 
19/7/2000,67.72 
20/7/2000,70.94 
21/7/2000,72.54 
24/7/2000,71.83 
25/7/2000,69.51 
26/7/2000,69.33 
27/7/2000,67.54 
28/7/2000,67.18 
31/7/2000,65.58 
1/8/2000,65.58 
2/8/2000,67.00 
3/8/2000,67.36 
4/8/2000,68.43 
7/8/2000,69.33 
8/8/2000,68.79 
9/8/2000,68.43 
10/8/2000,68.61 
11/8/2000,68.26 
14/8/2000,68.08 
15/8/2000,69.86 
16/8/2000,72.19 
17/8/2000,73.26 
18/8/2000,71.47 
21/8/2000,71.47 
22/8/2000,72.90 
23/8/2000,73.26 
24/8/2000,73.62 
25/8/2000,72.19 
28/8/2000,70.58 
29/8/2000,71.11 
30/8/2000,71.83 
31/8/2000,72.90 
1/9/2000,73.97 
4/9/2000,75.40 
5/9/2000,74.33 
6/9/2000,73.97 
7/9/2000,72.90 
8/9/2000,72.19 
11/9/2000,71.11 
12/9/2000,69.15 
13/9/2000,69.15 
14/9/2000,69.51 
15/9/2000,68.08 
18/9/2000,65.58 
19/9/2000,67.54 
20/9/2000,66.29 
21/9/2000,65.04 
22/9/2000,63.79 
25/9/2000,65.93 
26/9/2000,65.04 
27/9/2000,65.93 
28/9/2000,66.65 
29/9/2000,67.18 
2/10/2000,67.18 
3/10/2000,66.47 
4/10/2000,67.36 
5/10/2000,68.43 
6/10/2000,68.43 
9/10/2000,66.47 
10/10/2000,65.58 
11/10/2000,65.04 
12/10/2000,65.04 
13/10/2000,63.79 
16/10/2000,63.79 
17/10/2000,63.61 
18/10/2000,61.64 
19/10/2000,62.18 
20/10/2000,64.15 
23/10/2000,63.61 
24/10/2000,63.25 
25/10/2000,62.36 
26/10/2000,62.18 
27/10/2000,62.18 
30/10/2000,61.11 
31/10/2000,61.64 
1/11/2000,64.68 
2/11/2000,65.75 
3/11/2000,66.47 
6/11/2000,65.93 
7/11/2000,67.36 
8/11/2000,66.47 
9/11/2000,65.75 
10/11/2000,64.68 
13/11/2000,63.43 
14/11/2000,65.04 
15/11/2000,64.68 
16/11/2000,65.04 
17/11/2000,64.68 
20/11/2000,65.58 
21/11/2000,65.58 
22/11/2000,64.50 
23/11/2000,63.79 
24/11/2000,63.97 
27/11/2000,64.68 
28/11/2000,65.04 
29/11/2000,64.15 
30/11/2000,62.72 
1/12/2000,63.07 
4/12/2000,63.07 
5/12/2000,64.50 
6/12/2000,68.79 
7/12/2000,69.86 
8/12/2000,70.58 
11/12/2000,70.22 
12/12/2000,71.29 
13/12/2000,72.54 
14/12/2000,73.62 
15/12/2000,70.40 
18/12/2000,71.29 
19/12/2000,72.19 
20/12/2000,71.47 
21/12/2000,71.11 
22/12/2000,70.58 
27/12/2000,69.86 
28/12/2000,70.40 
29/12/2000,71.29 
1/1/2001,71.29 
2/1/2001,71.11 
3/1/2001,70.04 
4/1/2001,73.97 
5/1/2001,74.33 
8/1/2001,74.69 
9/1/2001,73.62 
10/1/2001,73.62 
11/1/2001,70.58 
12/1/2001,72.90 
15/1/2001,72.54 
16/1/2001,73.97 
17/1/2001,73.97 
18/1/2001,74.33 
19/1/2001,75.05 
22/1/2001,75.05 
23/1/2001,73.26 
29/1/2001,73.62 
30/1/2001,71.83 
31/1/2001,73.97 
1/2/2001,73.97 
2/2/2001,73.26 
5/2/2001,72.54 
6/2/2001,72.90 
7/2/2001,73.62 
8/2/2001,72.19 
9/2/2001,71.47 
12/2/2001,70.22 
13/2/2001,70.04 
14/2/2001,71.11 
15/2/2001,70.04 
16/2/2001,69.86 
19/2/2001,70.04 
20/2/2001,69.68 
21/2/2001,69.86 
22/2/2001,68.26 
23/2/2001,67.18 
26/2/2001,67.54 
27/2/2001,66.29 
28/2/2001,67.54 
1/3/2001,65.93 
2/3/2001,63.07 
5/3/2001,63.61 
6/3/2001,66.29 
7/3/2001,66.11 
8/3/2001,66.29 
9/3/2001,65.93 
12/3/2001,63.61 
13/3/2001,62.90 
15/3/2001,64.32 
16/3/2001,63.43 
19/3/2001,63.97 
20/3/2001,62.18 
21/3/2001,61.64 
22/3/2001,58.79 
23/3/2001,57.53 
26/3/2001,58.79 
27/3/2001,56.28 
28/3/2001,57.00 
29/3/2001,57.36 
30/3/2001,58.43 
2/4/2001,58.79 
3/4/2001,58.79 
4/4/2001,57.53 
5/4/2001,57.53 
6/4/2001,57.18 
9/4/2001,55.57 
10/4/2001,54.68 
11/4/2001,56.46 
12/4/2001,58.43 
13/4/2001,58.43 
16/4/2001,58.43 
17/4/2001,57.53 
18/4/2001,58.96 
19/4/2001,62.72 
20/4/2001,61.29 
23/4/2001,62.18 
24/4/2001,62.36 
25/4/2001,61.82 
26/4/2001,61.82 
27/4/2001,62.00 
30/4/2001,62.00 
1/5/2001,62.00 
2/5/2001,63.79 
3/5/2001,63.97 
4/5/2001,63.25 
7/5/2001,65.22 
8/5/2001,64.86 
9/5/2001,65.22 
10/5/2001,66.29 
11/5/2001,66.65 
14/5/2001,64.86 
15/5/2001,64.50 
16/5/2001,64.86 
17/5/2001,66.11 
18/5/2001,66.11 
21/5/2001,66.29 
22/5/2001,66.11 
23/5/2001,65.75 
24/5/2001,67.18 
25/5/2001,66.11 
28/5/2001,66.11 
29/5/2001,64.50 
30/5/2001,63.07 
31/5/2001,60.93 
1/6/2001,61.47 
4/6/2001,61.47 
5/6/2001,63.07 
6/6/2001,64.32 
7/6/2001,65.04 
8/6/2001,64.50 
11/6/2001,63.43 
12/6/2001,63.07 
13/6/2001,62.54 
14/6/2001,61.47 
15/6/2001,61.29 
18/6/2001,61.11 
19/6/2001,60.93 
20/6/2001,60.57 
21/6/2001,62.36 
22/6/2001,60.93 
25/6/2001,60.93 
26/6/2001,60.75 
27/6/2001,59.86 
28/6/2001,58.96 
29/6/2001,60.75 
2/7/2001,60.75 
3/7/2001,60.75 
4/7/2001,60.57 
5/7/2001,59.50 
6/7/2001,59.50 
9/7/2001,58.96 
10/7/2001,58.96 
11/7/2001,57.89 
12/7/2001,57.71 
13/7/2001,57.53 
16/7/2001,57.36 
17/7/2001,57.36 
18/7/2001,57.71 
19/7/2001,56.64 
20/7/2001,56.82 
23/7/2001,57.00 
24/7/2001,56.11 
25/7/2001,56.11 
26/7/2001,53.96 
27/7/2001,53.96 
30/7/2001,53.43 
31/7/2001,55.21 
1/8/2001,57.00 
2/8/2001,56.64 
3/8/2001,55.75 
6/8/2001,55.75 
7/8/2001,54.14 
8/8/2001,52.71 
9/8/2001,50.39 
10/8/2001,50.39 
13/8/2001,48.06 
14/8/2001,49.85 
15/8/2001,50.74 
16/8/2001,50.21 
17/8/2001,51.46 
20/8/2001,49.67 
21/8/2001,48.96 
22/8/2001,48.42 
23/8/2001,49.32 
24/8/2001,50.21 
27/8/2001,51.28 
28/8/2001,52.17 
29/8/2001,52.89 
30/8/2001,53.43 
31/8/2001,51.46 
3/9/2001,51.28 
4/9/2001,51.46 
5/9/2001,50.74 
6/9/2001,49.32 
7/9/2001,46.64 
10/9/2001,46.64 
11/9/2001,46.64 
12/9/2001,41.63 
13/9/2001,42.53 
14/9/2001,42.17 
17/9/2001,40.02 
18/9/2001,39.31 
19/9/2001,40.74 
20/9/2001,39.13 
21/9/2001,37.34 
24/9/2001,37.34 
25/9/2001,38.77 
26/9/2001,39.85 
27/9/2001,41.63 
28/9/2001,41.63 
1/10/2001,41.63 
2/10/2001,41.63 
3/10/2001,43.96 
4/10/2001,44.49 
5/10/2001,45.21 
8/10/2001,43.78 
9/10/2001,45.38 
10/10/2001,44.85 
11/10/2001,46.99 
12/10/2001,46.64 
15/10/2001,46.28 
16/10/2001,46.81 
17/10/2001,48.42 
18/10/2001,46.64 
19/10/2001,45.74 
22/10/2001,46.10 
23/10/2001,48.06 
24/10/2001,48.06 
25/10/2001,48.06 
26/10/2001,48.06 
29/10/2001,48.06 
30/10/2001,47.71 
31/10/2001,47.17 
1/11/2001,47.53 
2/11/2001,47.17 
5/11/2001,48.60 
6/11/2001,48.42 
7/11/2001,47.89 
8/11/2001,48.78 
9/11/2001,48.78 
12/11/2001,50.21 
13/11/2001,51.10 
14/11/2001,53.25 
15/11/2001,55.39 
16/11/2001,56.28 
19/11/2001,55.57 
20/11/2001,55.21 
21/11/2001,54.32 
22/11/2001,54.85 
23/11/2001,55.93 
26/11/2001,56.82 
27/11/2001,55.75 
28/11/2001,53.07 
29/11/2001,52.00 
30/11/2001,53.96 
3/12/2001,53.96 
4/12/2001,55.93 
5/12/2001,58.07 
6/12/2001,59.14 
7/12/2001,58.79 
10/12/2001,59.50 
11/12/2001,58.25 
12/12/2001,59.32 
13/12/2001,57.89 
14/12/2001,57.53 
17/12/2001,57.71 
18/12/2001,58.07 
19/12/2001,59.32 
20/12/2001,59.50 
21/12/2001,56.82 
24/12/2001,56.82 
25/12/2001,56.82 
26/12/2001,56.82 
27/12/2001,56.82 
28/12/2001,57.71 
31/12/2001,57.89 
1/1/2002,57.89 
2/1/2002,57.36 
3/1/2002,57.36 
4/1/2002,58.25 
7/1/2002,60.75 
8/1/2002,59.86 
9/1/2002,59.68 
10/1/2002,58.25 
11/1/2002,57.00 
14/1/2002,57.36 
15/1/2002,56.11 
16/1/2002,55.57 
17/1/2002,55.39 
18/1/2002,54.68 
21/1/2002,55.57 
22/1/2002,54.14 
23/1/2002,53.96 
24/1/2002,53.60 
25/1/2002,53.60 
28/1/2002,53.43 
29/1/2002,55.57 
30/1/2002,53.96 
31/1/2002,53.96 
1/2/2002,52.89 
4/2/2002,52.71 
5/2/2002,52.17 
6/2/2002,51.64 
7/2/2002,50.39 
8/2/2002,49.85 
11/2/2002,51.10 
12/2/2002,51.10 
13/2/2002,51.10 
14/2/2002,51.10 
15/2/2002,51.82 
18/2/2002,52.53 
19/2/2002,51.28 
20/2/2002,51.46 
21/2/2002,51.64 
22/2/2002,50.57 
25/2/2002,48.96 
26/2/2002,47.71 
27/2/2002,48.06 
28/2/2002,46.46 
1/3/2002,46.46 
4/3/2002,47.53 
5/3/2002,49.32 
6/3/2002,49.14 
7/3/2002,50.74 
8/3/2002,50.92 
11/3/2002,52.17 
12/3/2002,51.28 
13/3/2002,50.74 
14/3/2002,51.28 
15/3/2002,50.74 
18/3/2002,50.57 
19/3/2002,50.74 
20/3/2002,50.03 
21/3/2002,49.32 
22/3/2002,48.78 
25/3/2002,48.78 
26/3/2002,48.96 
27/3/2002,49.85 
28/3/2002,49.85 
29/3/2002,49.85 
1/4/2002,49.85 
2/4/2002,48.78 
3/4/2002,48.78 
4/4/2002,49.32 
5/4/2002,49.32 
8/4/2002,48.24 
9/4/2002,48.60 
10/4/2002,48.06 
11/4/2002,48.60 
12/4/2002,48.78 
15/4/2002,48.96 
16/4/2002,48.78 
17/4/2002,51.46 
18/4/2002,52.35 
19/4/2002,52.89 
22/4/2002,52.35 
23/4/2002,53.07 
24/4/2002,53.07 
25/4/2002,52.35 
26/4/2002,52.00 
29/4/2002,52.00 
30/4/2002,53.07 
1/5/2002,53.07 
2/5/2002,54.50 
3/5/2002,54.32 
6/5/2002,54.50 
7/5/2002,54.68 
8/5/2002,53.78 
9/5/2002,53.07 
10/5/2002,53.25 
13/5/2002,53.78 
14/5/2002,52.89 
15/5/2002,54.32 
16/5/2002,54.14 
17/5/2002,55.03 
20/5/2002,55.03 
21/5/2002,54.14 
22/5/2002,54.14 
23/5/2002,53.07 
24/5/2002,52.53 
27/5/2002,52.53 
28/5/2002,52.17 
29/5/2002,51.28 
30/5/2002,50.74 
31/5/2002,51.64 
3/6/2002,50.74 
4/6/2002,50.92 
5/6/2002,51.82 
6/6/2002,51.46 
7/6/2002,52.00 
10/6/2002,52.00 
11/6/2002,51.46 
12/6/2002,50.74 
13/6/2002,50.39 
14/6/2002,49.67 
17/6/2002,49.32 
18/6/2002,48.78 
19/6/2002,47.35 
20/6/2002,48.24 
21/6/2002,47.53 
24/6/2002,47.35 
25/6/2002,46.99 
26/6/2002,45.56 
27/6/2002,46.46 
28/6/2002,46.46 
1/7/2002,46.46 
2/7/2002,46.10 
3/7/2002,47.17 
4/7/2002,47.89 
5/7/2002,48.06 
8/7/2002,47.53 
9/7/2002,47.53 
10/7/2002,47.71 
11/7/2002,46.64 
12/7/2002,47.17 
15/7/2002,47.53 
16/7/2002,46.10 
17/7/2002,45.03 
18/7/2002,45.92 
19/7/2002,45.21 
22/7/2002,43.78 
23/7/2002,45.38 
24/7/2002,43.42 
25/7/2002,42.35 
26/7/2002,41.45 
29/7/2002,43.24 
30/7/2002,44.49 
31/7/2002,44.13 
1/8/2002,43.42 
2/8/2002,42.17 
5/8/2002,41.28 
6/8/2002,40.02 
7/8/2002,41.81 
8/8/2002,40.92 
9/8/2002,39.67 
12/8/2002,39.13 
13/8/2002,40.02 
14/8/2002,39.13 
15/8/2002,40.38 
16/8/2002,40.20 
19/8/2002,40.02 
20/8/2002,41.10 
21/8/2002,41.63 
22/8/2002,41.63 
23/8/2002,41.63 
26/8/2002,41.63 
27/8/2002,40.74 
28/8/2002,40.02 
29/8/2002,39.85 
30/8/2002,39.85 
2/9/2002,39.31 
3/9/2002,39.49 
4/9/2002,40.20 
5/9/2002,39.49 
6/9/2002,39.67 
9/9/2002,39.49 
10/9/2002,40.02 
11/9/2002,39.85 
12/9/2002,39.85 
13/9/2002,38.77 
16/9/2002,37.70 
17/9/2002,38.42 
18/9/2002,37.52 
19/9/2002,37.17 
20/9/2002,36.27 
23/9/2002,35.66 
24/9/2002,35.24 
25/9/2002,35.31 
26/9/2002,36.81 
27/9/2002,36.81 
30/9/2002,35.24 
1/10/2002,35.24 
2/10/2002,34.88 
3/10/2002,33.45 
4/10/2002,33.45 
7/10/2002,33.09 
8/10/2002,33.02 
9/10/2002,33.52 
10/10/2002,32.45 
11/10/2002,32.95 
14/10/2002,32.95 
15/10/2002,35.31 
16/10/2002,35.31 
17/10/2002,36.27 
18/10/2002,37.17 
21/10/2002,36.63 
22/10/2002,36.99 
23/10/2002,38.06 
24/10/2002,38.42 
25/10/2002,38.42 
28/10/2002,39.49 
29/10/2002,38.06 
30/10/2002,37.17 
31/10/2002,36.99 
1/11/2002,36.99 
4/11/2002,38.95 
5/11/2002,38.24 
6/11/2002,38.06 
7/11/2002,38.59 
8/11/2002,38.42 
11/11/2002,37.52 
12/11/2002,36.99 
13/11/2002,37.52 
14/11/2002,38.59 
15/11/2002,39.67 
18/11/2002,39.49 
19/11/2002,39.67 
20/11/2002,39.85 
21/11/2002,40.02 
22/11/2002,40.56 
25/11/2002,40.74 
26/11/2002,40.38 
27/11/2002,39.67 
28/11/2002,41.28 
29/11/2002,40.92 
2/12/2002,40.92 
3/12/2002,41.10 
4/12/2002,40.02 
5/12/2002,40.02 
6/12/2002,39.85 
9/12/2002,39.13 
10/12/2002,38.77 
11/12/2002,38.42 
12/12/2002,38.24 
13/12/2002,37.70 
16/12/2002,37.88 
17/12/2002,38.24 
18/12/2002,36.99 
19/12/2002,37.34 
20/12/2002,37.34 
23/12/2002,37.34 
24/12/2002,37.17 
25/12/2002,37.17 
26/12/2002,37.17 
27/12/2002,36.09 
30/12/2002,35.59 
31/12/2002,36.27 
1/1/2003,36.27 
2/1/2003,36.09 
3/1/2003,37.52 
6/1/2003,37.70 
7/1/2003,37.52 
8/1/2003,37.70 
9/1/2003,37.70 
10/1/2003,37.88 
13/1/2003,38.24 
14/1/2003,38.24 
15/1/2003,38.59 
16/1/2003,37.52 
17/1/2003,36.63 
20/1/2003,36.09 
21/1/2003,36.27 
22/1/2003,36.81 
23/1/2003,37.17 
24/1/2003,36.81 
27/1/2003,36.09 
28/1/2003,36.45 
29/1/2003,36.09 
30/1/2003,36.45 
31/1/2003,36.45 
3/2/2003,36.45 
4/2/2003,35.91 
5/2/2003,35.24 
6/2/2003,34.88 
7/2/2003,34.24 
10/2/2003,34.88 
11/2/2003,34.88 
12/2/2003,35.91 
13/2/2003,35.02 
14/2/2003,34.88 
17/2/2003,36.09 
18/2/2003,36.45 
19/2/2003,36.99 
20/2/2003,36.45 
21/2/2003,35.74 
24/2/2003,35.52 
25/2/2003,34.59 
26/2/2003,34.59 
27/2/2003,35.09 
28/2/2003,35.02 
3/3/2003,35.59 
4/3/2003,34.88 
5/3/2003,34.66 
6/3/2003,33.95 
7/3/2003,33.38 
10/3/2003,32.16 
11/3/2003,31.59 
12/3/2003,31.73 
13/3/2003,31.23 
14/3/2003,31.95 
17/3/2003,31.30 
18/3/2003,32.09 
19/3/2003,34.02 
20/3/2003,34.24 
21/3/2003,33.66 
24/3/2003,32.95 
25/3/2003,32.81 
26/3/2003,32.66 
27/3/2003,31.95 
28/3/2003,31.95 
31/3/2003,30.80 
1/4/2003,31.02 
2/4/2003,31.23 
3/4/2003,30.59 
4/4/2003,31.52 
7/4/2003,32.23 
8/4/2003,31.73 
9/4/2003,30.45 
10/4/2003,30.16 
11/4/2003,30.09 
14/4/2003,29.37 
15/4/2003,29.95 
16/4/2003,30.02 
17/4/2003,29.52 
18/4/2003,29.52 
21/4/2003,29.52 
22/4/2003,29.59 
23/4/2003,29.09 
24/4/2003,28.95 
25/4/2003,29.37 
28/4/2003,29.66 
29/4/2003,30.95 
30/4/2003,30.80 
1/5/2003,30.80 
2/5/2003,31.16 
5/5/2003,31.66 
6/5/2003,31.45 
7/5/2003,31.16 
8/5/2003,31.16 
9/5/2003,31.73 
12/5/2003,32.73 
13/5/2003,32.09 
14/5/2003,32.31 
15/5/2003,32.59 
16/5/2003,32.38 
19/5/2003,32.02 
20/5/2003,31.66 
21/5/2003,31.81 
22/5/2003,32.52 
23/5/2003,33.45 
26/5/2003,34.66 
27/5/2003,34.02 
28/5/2003,34.31 
29/5/2003,34.31 
30/5/2003,33.95 
2/6/2003,34.66 
3/6/2003,35.02 
4/6/2003,35.02 
5/6/2003,34.95 
6/6/2003,35.52 
9/6/2003,35.38 
10/6/2003,35.45 
11/6/2003,35.38 
12/6/2003,35.74 
13/6/2003,35.74 
16/6/2003,35.91 
17/6/2003,36.09 
18/6/2003,35.66 
19/6/2003,35.52 
20/6/2003,35.09 
23/6/2003,34.24 
24/6/2003,33.73 
25/6/2003,33.59 
26/6/2003,34.16 
27/6/2003,34.02 
30/6/2003,33.45 
1/7/2003,33.45 
2/7/2003,33.38 
3/7/2003,33.38 
4/7/2003,33.52 
7/7/2003,34.16 
8/7/2003,34.88 
9/7/2003,35.24 
10/7/2003,35.16 
11/7/2003,34.95 
14/7/2003,35.91 
15/7/2003,35.91 
16/7/2003,36.45 
17/7/2003,35.74 
18/7/2003,36.63 
21/7/2003,36.45 
22/7/2003,35.91 
23/7/2003,35.52 
24/7/2003,35.74 
25/7/2003,35.74 
28/7/2003,36.45 
29/7/2003,36.45 
30/7/2003,36.09 
31/7/2003,36.63 
1/8/2003,37.34 
4/8/2003,37.34 
5/8/2003,36.81 
6/8/2003,35.59 
7/8/2003,35.45 
8/8/2003,35.59 
11/8/2003,35.91 
12/8/2003,36.63 
13/8/2003,37.17 
14/8/2003,37.88 
15/8/2003,37.88 
18/8/2003,38.42 
19/8/2003,38.77 
20/8/2003,39.13 
21/8/2003,40.38 
22/8/2003,41.99 
25/8/2003,43.06 
26/8/2003,42.70 
27/8/2003,42.70 
28/8/2003,42.53 
29/8/2003,43.24 
1/9/2003,43.96 
2/9/2003,44.49 
3/9/2003,45.38 
4/9/2003,45.38 
5/9/2003,45.03 
8/9/2003,45.03 
9/9/2003,44.67 
10/9/2003,42.53 
11/9/2003,42.88 
12/9/2003,42.88 
15/9/2003,44.13 
16/9/2003,44.31 
17/9/2003,45.03 
18/9/2003,44.49 
19/9/2003,42.70 
22/9/2003,42.17 
23/9/2003,43.06 
24/9/2003,45.92 
25/9/2003,43.78 
26/9/2003,44.13 
29/9/2003,43.60 
30/9/2003,43.78 
1/10/2003,43.78 
2/10/2003,46.46 
3/10/2003,46.64 
6/10/2003,47.53 
7/10/2003,46.46 
8/10/2003,45.21 
9/10/2003,46.28 
10/10/2003,46.99 
13/10/2003,47.17 
14/10/2003,46.28 
15/10/2003,46.99 
16/10/2003,47.17 
17/10/2003,46.28 
20/10/2003,47.17 
21/10/2003,47.17 
22/10/2003,45.92 
23/10/2003,45.03 
24/10/2003,44.67 
27/10/2003,44.67 
28/10/2003,45.92 
29/10/2003,46.46 
30/10/2003,46.10 
31/10/2003,46.28 
3/11/2003,46.28 
4/11/2003,46.10 
5/11/2003,45.74 
6/11/2003,44.49 
7/11/2003,44.67 
10/11/2003,44.13 
11/11/2003,43.60 
12/11/2003,42.88 
13/11/2003,44.13 
14/11/2003,44.31 
17/11/2003,43.06 
18/11/2003,42.17 
19/11/2003,41.10 
20/11/2003,41.45 
21/11/2003,41.63 
24/11/2003,41.63 
25/11/2003,41.99 
26/11/2003,42.35 
27/11/2003,42.70 
28/11/2003,43.78 
1/12/2003,44.67 
2/12/2003,44.31 
3/12/2003,43.96 
4/12/2003,43.24 
5/12/2003,43.24 
8/12/2003,42.35 
9/12/2003,43.06 
10/12/2003,42.70 
11/12/2003,44.67 
12/12/2003,44.85 
15/12/2003,44.31 
16/12/2003,43.24 
17/12/2003,42.88 
18/12/2003,42.88 
19/12/2003,43.42 
22/12/2003,43.78 
23/12/2003,43.60 
24/12/2003,43.42 
25/12/2003,43.42 
26/12/2003,43.42 
29/12/2003,43.60 
30/12/2003,43.78 
31/12/2003,43.96 
1/1/2004,43.96 
2/1/2004,44.85 
5/1/2004,47.17 
6/1/2004,47.53 
7/1/2004,47.35 
8/1/2004,46.10 
9/1/2004,47.89 
12/1/2004,49.49 
13/1/2004,50.39 
14/1/2004,52.00 
15/1/2004,51.46 
16/1/2004,51.28 
19/1/2004,52.17 
20/1/2004,53.96 
21/1/2004,55.39 
22/1/2004,55.39 
23/1/2004,55.39 
26/1/2004,55.75 
27/1/2004,54.68 
28/1/2004,52.53 
29/1/2004,51.64 
30/1/2004,51.64 
2/2/2004,50.03 
3/2/2004,51.28 
4/2/2004,51.10 
5/2/2004,51.10 
6/2/2004,52.35 
9/2/2004,53.43 
10/2/2004,53.25 
11/2/2004,53.25 
12/2/2004,52.89 
13/2/2004,52.89 
16/2/2004,53.07 
17/2/2004,52.89 
18/2/2004,53.60 
19/2/2004,54.14 
20/2/2004,53.78 
23/2/2004,52.71 
24/2/2004,52.35 
25/2/2004,51.82 
26/2/2004,51.46 
27/2/2004,53.07 
1/3/2004,53.07 
2/3/2004,52.71 
3/3/2004,51.64 
4/3/2004,51.46 
5/3/2004,51.46 
8/3/2004,51.46 
9/3/2004,50.92 
10/3/2004,50.21 
11/3/2004,48.78 
12/3/2004,48.06 
15/3/2004,47.53 
16/3/2004,48.06 
17/3/2004,48.24 
18/3/2004,47.71 
19/3/2004,47.53 
22/3/2004,45.74 
23/3/2004,46.28 
24/3/2004,46.99 
25/3/2004,45.92 
26/3/2004,45.56 
29/3/2004,45.74 
30/3/2004,47.17 
31/3/2004,46.64 
1/4/2004,46.99 
2/4/2004,47.89 
5/4/2004,47.89 
6/4/2004,48.78 
7/4/2004,48.78 
8/4/2004,48.42 
9/4/2004,48.42 
12/4/2004,48.42 
13/4/2004,48.60 
14/4/2004,46.81 
15/4/2004,45.56 
16/4/2004,45.38 
19/4/2004,45.38 
20/4/2004,45.38 
21/4/2004,44.13 
22/4/2004,43.60 
23/4/2004,44.67 
26/4/2004,43.42 
27/4/2004,43.60 
28/4/2004,43.42 
29/4/2004,42.88 
30/4/2004,42.88 
3/5/2004,42.70 
4/5/2004,43.06 
5/5/2004,41.99 
6/5/2004,41.99 
7/5/2004,41.45 
10/5/2004,40.02 
11/5/2004,39.31 
12/5/2004,39.85 
13/5/2004,38.95 
14/5/2004,38.59 
17/5/2004,36.27 
18/5/2004,36.99 
19/5/2004,38.95 
20/5/2004,39.13 
21/5/2004,40.20 
24/5/2004,40.74 
25/5/2004,40.92 
26/5/2004,40.92 
27/5/2004,41.99 
28/5/2004,41.99 
31/5/2004,41.81 
1/6/2004,41.45 
2/6/2004,41.45 
3/6/2004,40.56 
4/6/2004,40.74 
7/6/2004,42.53 
8/6/2004,42.35 
9/6/2004,42.35 
10/6/2004,42.70 
11/6/2004,42.88 
14/6/2004,41.28 
15/6/2004,41.10 
16/6/2004,41.10 
17/6/2004,40.56 
18/6/2004,39.13 
21/6/2004,39.13 
22/6/2004,39.13 
23/6/2004,39.13 
24/6/2004,40.56 
25/6/2004,40.56 
28/6/2004,40.92 
29/6/2004,40.56 
30/6/2004,41.10 
1/7/2004,41.10 
2/7/2004,41.10 
5/7/2004,41.63 
6/7/2004,42.17 
7/7/2004,42.88 
8/7/2004,41.63 
9/7/2004,41.81 
12/7/2004,41.63 
13/7/2004,41.28 
14/7/2004,40.20 
15/7/2004,40.56 
16/7/2004,40.92 
19/7/2004,41.28 
20/7/2004,40.74 
21/7/2004,42.35 
22/7/2004,42.53 
23/7/2004,42.53 
26/7/2004,42.35 
27/7/2004,42.17 
28/7/2004,42.17 
29/7/2004,41.45 
30/7/2004,41.10 
2/8/2004,41.10 
3/8/2004,41.28 
4/8/2004,41.63 
5/8/2004,42.70 
6/8/2004,43.60 
9/8/2004,43.96 
10/8/2004,43.42 
11/8/2004,43.06 
12/8/2004,43.24 
13/8/2004,43.60 
16/8/2004,43.24 
17/8/2004,43.60 
18/8/2004,43.60 
19/8/2004,43.96 
20/8/2004,44.31 
23/8/2004,45.38 
24/8/2004,46.99 
25/8/2004,47.71 
26/8/2004,47.71 
27/8/2004,47.71 
30/8/2004,48.24 
31/8/2004,48.24 
1/9/2004,48.60 
2/9/2004,48.60 
3/9/2004,48.06 
6/9/2004,49.49 
7/9/2004,49.85 
8/9/2004,48.96 
9/9/2004,48.06 
10/9/2004,48.60 
13/9/2004,49.14 
14/9/2004,49.32 
15/9/2004,48.96 
16/9/2004,49.67 
17/9/2004,49.49 
20/9/2004,49.14 
21/9/2004,49.32 
22/9/2004,49.49 
23/9/2004,48.96 
24/9/2004,47.53 
27/9/2004,47.17 
28/9/2004,46.81 
29/9/2004,46.81 
30/9/2004,47.89 
1/10/2004,47.89 
4/10/2004,48.96 
5/10/2004,48.96 
6/10/2004,48.60 
7/10/2004,48.42 
8/10/2004,47.89 
11/10/2004,47.89 
12/10/2004,48.06 
13/10/2004,47.35 
14/10/2004,46.81 
15/10/2004,47.17 
18/10/2004,46.28 
19/10/2004,46.81 
20/10/2004,46.10 
21/10/2004,45.74 
22/10/2004,45.74 
25/10/2004,45.03 
26/10/2004,44.67 
27/10/2004,45.03 
28/10/2004,46.46 
29/10/2004,46.10 
1/11/2004,46.10 
2/11/2004,47.35 
3/11/2004,47.71 
4/11/2004,47.53 
5/11/2004,48.06 
8/11/2004,47.89 
9/11/2004,47.53 
10/11/2004,48.42 
11/11/2004,48.24 
12/11/2004,48.96 
15/11/2004,49.49 
16/11/2004,48.78 
17/11/2004,49.14 
18/11/2004,49.49 
19/11/2004,49.49 
22/11/2004,50.03 
23/11/2004,52.00 
24/11/2004,52.35 
25/11/2004,52.17 
26/11/2004,52.17 
29/11/2004,53.43 
30/11/2004,53.43 
1/12/2004,53.78 
2/12/2004,53.96 
3/12/2004,52.89 
6/12/2004,53.60 
7/12/2004,53.96 
8/12/2004,52.35 
9/12/2004,52.53 
10/12/2004,52.00 
13/12/2004,51.82 
14/12/2004,52.89 
15/12/2004,52.89 
16/12/2004,52.71 
17/12/2004,52.53 
20/12/2004,53.43 
21/12/2004,53.60 
22/12/2004,53.60 
23/12/2004,54.85 
24/12/2004,54.32 
27/12/2004,54.32 
28/12/2004,54.68 
29/12/2004,55.03 
30/12/2004,55.03 
31/12/2004,55.57 
3/1/2005,55.39 
4/1/2005,55.03 
5/1/2005,53.07 
6/1/2005,52.89 
7/1/2005,51.82 
10/1/2005,51.82 
11/1/2005,51.28 
12/1/2005,51.46 
13/1/2005,52.17 
14/1/2005,51.82 
17/1/2005,52.17 
18/1/2005,51.82 
19/1/2005,52.00 
20/1/2005,51.82 
21/1/2005,51.10 
24/1/2005,49.85 
25/1/2005,51.10 
26/1/2005,50.92 
27/1/2005,51.10 
28/1/2005,51.10 
31/1/2005,51.10 
1/2/2005,50.74 
2/2/2005,50.39 
3/2/2005,50.39 
4/2/2005,50.39 
7/2/2005,51.28 
8/2/2005,51.64 
14/2/2005,52.71 
15/2/2005,52.53 
16/2/2005,52.53 
17/2/2005,52.35 
18/2/2005,53.43 
21/2/2005,53.43 
22/2/2005,53.07 
23/2/2005,52.53 
24/2/2005,52.89 
25/2/2005,53.07 
28/2/2005,53.25 
1/3/2005,52.71 
2/3/2005,51.28 
3/3/2005,51.10 
4/3/2005,50.57 
7/3/2005,50.03 
8/3/2005,50.39 
9/3/2005,50.92 
10/3/2005,50.57 
11/3/2005,50.74 
14/3/2005,50.57 
15/3/2005,50.03 
16/3/2005,50.74 
17/3/2005,51.28 
18/3/2005,51.10 
21/3/2005,51.10 
22/3/2005,50.57 
23/3/2005,50.03 
24/3/2005,49.49 
29/3/2005,48.60 
30/3/2005,49.14 
31/3/2005,49.32 
1/4/2005,49.67 
4/4/2005,50.03 
6/4/2005,50.21 
7/4/2005,50.39 
8/4/2005,50.74 
11/4/2005,51.10 
12/4/2005,50.92 
13/4/2005,51.46 
14/4/2005,51.82 
15/4/2005,51.46 
18/4/2005,50.57 
19/4/2005,50.57 
20/4/2005,50.39 
21/4/2005,50.74 
22/4/2005,51.46 
25/4/2005,51.64 
26/4/2005,52.17 
27/4/2005,52.35 
28/4/2005,52.35 
29/4/2005,52.35 
3/5/2005,52.35 
4/5/2005,52.53 
5/5/2005,52.71 
6/5/2005,52.89 
9/5/2005,53.07 
10/5/2005,52.00 
11/5/2005,51.28 
12/5/2005,51.64 
13/5/2005,51.28 
17/5/2005,50.74 
18/5/2005,50.39 
19/5/2005,50.21 
20/5/2005,50.03 
23/5/2005,50.03 
24/5/2005,50.21 
25/5/2005,49.49 
26/5/2005,49.49 
27/5/2005,50.03 
30/5/2005,51.10 
31/5/2005,50.92 
1/6/2005,51.28 
2/6/2005,50.74 
3/6/2005,50.92 
6/6/2005,51.10 
7/6/2005,50.92 
8/6/2005,51.46 
9/6/2005,51.28 
10/6/2005,51.46 
13/6/2005,52.17 
14/6/2005,52.00 
15/6/2005,51.82 
16/6/2005,51.46 
17/6/2005,52.00 
20/6/2005,52.17 
21/6/2005,52.71 
22/6/2005,53.43 
23/6/2005,53.60 
24/6/2005,54.14 
27/6/2005,54.68 
28/6/2005,54.50 
29/6/2005,54.14 
30/6/2005,53.96 
4/7/2005,53.96 
5/7/2005,53.46 
6/7/2005,53.57 
7/7/2005,53.25 
8/7/2005,52.92 
11/7/2005,53.75 
12/7/2005,54.10 
13/7/2005,56.14 
14/7/2005,57.71 
15/7/2005,58.96 
18/7/2005,59.43 
19/7/2005,58.82 
20/7/2005,59.46 
21/7/2005,58.75 
22/7/2005,60.32 
25/7/2005,59.93 
26/7/2005,59.46 
27/7/2005,59.64 
28/7/2005,60.07 
29/7/2005,59.93 
1/8/2005,60.43 
2/8/2005,61.68 
3/8/2005,62.14 
4/8/2005,62.43 
5/8/2005,61.82 
8/8/2005,62.25 
9/8/2005,61.22 
10/8/2005,62.61 
11/8/2005,62.29 
12/8/2005,62.14 
15/8/2005,61.89 
16/8/2005,62.07 
17/8/2005,63.36 
18/8/2005,61.39 
19/8/2005,60.47 
22/8/2005,60.75 
23/8/2005,58.71 
24/8/2005,57.96 
25/8/2005,58.04 
26/8/2005,59.86 
29/8/2005,59.29 
30/8/2005,59.61 
31/8/2005,60.25 
1/9/2005,61.82 
2/9/2005,62.43 
5/9/2005,61.93 
6/9/2005,61.39 
7/9/2005,60.82 
8/9/2005,60.57 
9/9/2005,61.32 
12/9/2005,61.39 
13/9/2005,60.57 
14/9/2005,60.97 
15/9/2005,60.18 
16/9/2005,59.25 
20/9/2005,60.47 
21/9/2005,60.54 
22/9/2005,61.11 
23/9/2005,61.04 
26/9/2005,61.75 
27/9/2005,61.11 
28/9/2005,61.72 
29/9/2005,62.43 
30/9/2005,62.61 
3/10/2005,62.47 
4/10/2005,62.25 
5/10/2005,61.29 
6/10/2005,59.86 
7/10/2005,59.75 
10/10/2005,59.68 
12/10/2005,57.96 
13/10/2005,58.18 
14/10/2005,57.43 
17/10/2005,58.00 
18/10/2005,58.68 
19/10/2005,58.21 
20/10/2005,58.29 
21/10/2005,58.82 
24/10/2005,58.46 
25/10/2005,58.36 
26/10/2005,58.39 
27/10/2005,57.64 
28/10/2005,56.86 
31/10/2005,57.68 
1/11/2005,58.79 
2/11/2005,58.79 
3/11/2005,58.43 
4/11/2005,57.43 
7/11/2005,55.43 
8/11/2005,55.46 
9/11/2005,56.25 
10/11/2005,56.28 
11/11/2005,56.61 
14/11/2005,56.00 
15/11/2005,56.00 
16/11/2005,55.50 
17/11/2005,56.00 
18/11/2005,56.53 
21/11/2005,56.36 
22/11/2005,56.43 
23/11/2005,58.04 
24/11/2005,58.57 
25/11/2005,58.82 
28/11/2005,59.32 
29/11/2005,58.93 
30/11/2005,57.68 
1/12/2005,58.36 
2/12/2005,58.25 
5/12/2005,58.04 
6/12/2005,57.71 
7/12/2005,57.96 
8/12/2005,56.71 
9/12/2005,56.68 
12/12/2005,57.14 
13/12/2005,57.43 
14/12/2005,57.64 
15/12/2005,57.68 
16/12/2005,57.25 
19/12/2005,58.04 
20/12/2005,57.75 
21/12/2005,57.86 
22/12/2005,57.86 
23/12/2005,57.86 
28/12/2005,57.68 
29/12/2005,57.46 
30/12/2005,56.93 
3/1/2006,57.03 
4/1/2006,58.86 
5/1/2006,59.29 
6/1/2006,59.54 
9/1/2006,60.14 
10/1/2006,60.18 
11/1/2006,59.89 
12/1/2006,60.00 
13/1/2006,60.25 
16/1/2006,60.18 
17/1/2006,58.89 
18/1/2006,58.93 
19/1/2006,59.68 
20/1/2006,59.68 
23/1/2006,58.79 
24/1/2006,59.11 
25/1/2006,58.68 
26/1/2006,58.64 
27/1/2006,59.54 
1/2/2006,59.14 
2/2/2006,58.96 
3/2/2006,57.86 
6/2/2006,58.18 
7/2/2006,57.68 
8/2/2006,57.03 
9/2/2006,56.86 
10/2/2006,56.32 
13/2/2006,55.53 
14/2/2006,55.96 
15/2/2006,56.25 
16/2/2006,56.36 
17/2/2006,56.43 
20/2/2006,57.61 
21/2/2006,57.61 
22/2/2006,58.00 
23/2/2006,59.00 
24/2/2006,58.89 
27/2/2006,59.00 
28/2/2006,58.61 
1/3/2006,57.89 
2/3/2006,58.11 
3/3/2006,58.00 
6/3/2006,57.46 
7/3/2006,56.64 
8/3/2006,56.25 
9/3/2006,56.32 
10/3/2006,56.21 
13/3/2006,56.32 
14/3/2006,55.93 
15/3/2006,57.07 
16/3/2006,57.07 
17/3/2006,57.28 
20/3/2006,58.32 
21/3/2006,58.32 
22/3/2006,57.11 
23/3/2006,57.50 
24/3/2006,57.43 
27/3/2006,58.75 
28/3/2006,59.64 
29/3/2006,58.79 
30/3/2006,59.36 
31/3/2006,58.71 
3/4/2006,59.82 
4/4/2006,59.82 
6/4/2006,60.11 
7/4/2006,59.93 
10/4/2006,59.96 
11/4/2006,59.64 
12/4/2006,59.14 
13/4/2006,59.68 
18/4/2006,59.68 
19/4/2006,60.47 
20/4/2006,61.79 
21/4/2006,62.90 
24/4/2006,63.22 
25/4/2006,62.00 
26/4/2006,61.32 
27/4/2006,61.32 
28/4/2006,62.47 
2/5/2006,63.54 
3/5/2006,63.90 
4/5/2006,63.36 
8/5/2006,63.97 
9/5/2006,62.07 
10/5/2006,61.79 
11/5/2006,62.18 
12/5/2006,61.97 
15/5/2006,59.82 
16/5/2006,59.89 
17/5/2006,60.43 
18/5/2006,59.46 
19/5/2006,59.64 
22/5/2006,58.21 
23/5/2006,58.32 
24/5/2006,58.46 
25/5/2006,59.18 
26/5/2006,59.96 
29/5/2006,60.32 
30/5/2006,60.11 
1/6/2006,60.18 
2/6/2006,60.32 
5/6/2006,61.07 
6/6/2006,60.82 
7/6/2006,60.36 
8/6/2006,58.68 
9/6/2006,58.82 
12/6/2006,58.21 
13/6/2006,56.96 
14/6/2006,57.28 
15/6/2006,57.61 
16/6/2006,58.96 
19/6/2006,58.82 
20/6/2006,58.18 
21/6/2006,57.93 
22/6/2006,58.32 
23/6/2006,58.07 
26/6/2006,58.04 
27/6/2006,57.96 
28/6/2006,57.46 
29/6/2006,58.04 
30/6/2006,60.18 
3/7/2006,60.18 
4/7/2006,60.39 
5/7/2006,60.14 
6/7/2006,60.61 
7/7/2006,60.61 
10/7/2006,60.14 
11/7/2006,59.25 
12/7/2006,59.32 
13/7/2006,58.64 
14/7/2006,58.00 
17/7/2006,57.86 
18/7/2006,57.89 
19/7/2006,57.75 
20/7/2006,59.54 
21/7/2006,59.43 
24/7/2006,59.50 
25/7/2006,59.86 
26/7/2006,59.68 
27/7/2006,60.18 
28/7/2006,60.11 
31/7/2006,60.18 
1/8/2006,60.29 
2/8/2006,60.97 
3/8/2006,61.07 
4/8/2006,60.36 
7/8/2006,60.43 
8/8/2006,60.61 
9/8/2006,61.43 
10/8/2006,60.75 
11/8/2006,60.72 
14/8/2006,60.79 
15/8/2006,61.14 
16/8/2006,62.07 
17/8/2006,62.79 
18/8/2006,63.07 
21/8/2006,62.25 
22/8/2006,62.22 
23/8/2006,61.97 
24/8/2006,60.32 
25/8/2006,60.32 
28/8/2006,59.50 
29/8/2006,60.04 
30/8/2006,60.68 
31/8/2006,61.43 
1/9/2006,61.89 
4/9/2006,62.14 
5/9/2006,61.79 
6/9/2006,61.43 
7/9/2006,60.79 
8/9/2006,61.22 
11/9/2006,60.25 
12/9/2006,60.97 
13/9/2006,61.18 
14/9/2006,60.82 
15/9/2006,61.18 
18/9/2006,62.04 
19/9/2006,61.79 
20/9/2006,61.82 
21/9/2006,61.68 
22/9/2006,61.47 
25/9/2006,60.86 
26/9/2006,59.86 
27/9/2006,60.36 
28/9/2006,60.43 
29/9/2006,59.79 
3/10/2006,59.32 
4/10/2006,59.32 
5/10/2006,60.25 
6/10/2006,60.54 
9/10/2006,59.64 
10/10/2006,60.11 
11/10/2006,60.25 
12/10/2006,60.54 
13/10/2006,60.68 
16/10/2006,60.75 
17/10/2006,60.22 
18/10/2006,60.39 
19/10/2006,60.36 
20/10/2006,60.97 
23/10/2006,60.86 
24/10/2006,60.72 
25/10/2006,60.54 
26/10/2006,60.68 
27/10/2006,60.64 
31/10/2006,60.61 
1/11/2006,60.11 
2/11/2006,60.75 
3/11/2006,61.79 
6/11/2006,62.14 
7/11/2006,63.43 
8/11/2006,63.18 
9/11/2006,62.97 
10/11/2006,63.47 
13/11/2006,62.54 
14/11/2006,62.61 
15/11/2006,63.57 
16/11/2006,62.86 
17/11/2006,63.47 
20/11/2006,63.50 
21/11/2006,64.40 
22/11/2006,66.25 
23/11/2006,68.04 
24/11/2006,67.33 
27/11/2006,68.22 
28/11/2006,64.65 
29/11/2006,65.08 
30/11/2006,65.68 
1/12/2006,64.43 
4/12/2006,65.58 
5/12/2006,65.75 
6/12/2006,66.11 
7/12/2006,64.65 
8/12/2006,64.75 
11/12/2006,65.75 
12/12/2006,64.57 
13/12/2006,63.11 
14/12/2006,64.90 
15/12/2006,66.75 
18/12/2006,66.15 
19/12/2006,65.22 
20/12/2006,66.58 
21/12/2006,66.75 
22/12/2006,66.58 
27/12/2006,66.54 
28/12/2006,67.68 
29/12/2006,68.51 
2/1/2007,70.01 
3/1/2007,70.61 
4/1/2007,68.51 
5/1/2007,71.47 
8/1/2007,74.04 
9/1/2007,72.62 
10/1/2007,70.08 
11/1/2007,70.19 
12/1/2007,71.08 
15/1/2007,73.62 
16/1/2007,72.26 
17/1/2007,72.76 
18/1/2007,74.33 
19/1/2007,75.40 
22/1/2007,77.76 
23/1/2007,75.55 
24/1/2007,74.69 
25/1/2007,73.40 
26/1/2007,72.04 
29/1/2007,72.33 
30/1/2007,73.33 
31/1/2007,73.62 
1/2/2007,75.47 
2/2/2007,76.47 
5/2/2007,74.97 
6/2/2007,75.97 
7/2/2007,75.33 
8/2/2007,75.97 
9/2/2007,76.33 
12/2/2007,75.05 
13/2/2007,72.26 
14/2/2007,72.40 
15/2/2007,73.26 
16/2/2007,72.54 
21/2/2007,71.90 
22/2/2007,74.19 
23/2/2007,73.12 
26/2/2007,72.97 
27/2/2007,71.08 
28/2/2007,68.43 
1/3/2007,66.33 
2/3/2007,66.83 
5/3/2007,63.97 
6/3/2007,65.15 
7/3/2007,64.68 
8/3/2007,66.15 
9/3/2007,67.68 
12/3/2007,68.29 
13/3/2007,67.18 
14/3/2007,65.25 
15/3/2007,65.72 
16/3/2007,66.08 
19/3/2007,67.04 
20/3/2007,66.11 
21/3/2007,67.58 
22/3/2007,69.15 
23/3/2007,69.90 
26/3/2007,70.33 
27/3/2007,70.15 
28/3/2007,69.11 
29/3/2007,70.65 
30/3/2007,70.69 
2/4/2007,71.83 
3/4/2007,73.33 
4/4/2007,74.90 
10/4/2007,74.19 
11/4/2007,73.69 
12/4/2007,72.90 
13/4/2007,71.76 
16/4/2007,73.47 
17/4/2007,73.69 
18/4/2007,73.62 
19/4/2007,71.97 
20/4/2007,72.54 
23/4/2007,72.83 
24/4/2007,73.47 
25/4/2007,73.97 
26/4/2007,75.12 
27/4/2007,73.90 
30/4/2007,73.19 
2/5/2007,73.62 
3/5/2007,76.19 
4/5/2007,78.33 
7/5/2007,78.62 
8/5/2007,75.76 
9/5/2007,75.62 
10/5/2007,74.12 
11/5/2007,73.33 
14/5/2007,75.40 
15/5/2007,74.33 
16/5/2007,75.33 
17/5/2007,77.19 
18/5/2007,75.55 
21/5/2007,75.47 
22/5/2007,74.12 
23/5/2007,74.04 
25/5/2007,73.12 
28/5/2007,73.33 
29/5/2007,72.76 
30/5/2007,71.40 
31/5/2007,72.33 
1/6/2007,72.69 
4/6/2007,73.33 
5/6/2007,73.97 
6/6/2007,73.76 
7/6/2007,73.97 
8/6/2007,72.97 
11/6/2007,72.97 
12/6/2007,72.54 
13/6/2007,72.69 
14/6/2007,72.83 
15/6/2007,72.97 
18/6/2007,73.26 
20/6/2007,73.40 
21/6/2007,74.33 
22/6/2007,73.33 
25/6/2007,72.90 
26/6/2007,73.40 
27/6/2007,73.40 
28/6/2007,73.33 
29/6/2007,73.26 
3/7/2007,73.26 
4/7/2007,73.40 
5/7/2007,73.40 
6/7/2007,78.83 
9/7/2007,79.48 
10/7/2007,77.98 
11/7/2007,77.26 
12/7/2007,77.76 
13/7/2007,78.05 
16/7/2007,76.98 
17/7/2007,78.48 
18/7/2007,78.40 
19/7/2007,81.62 
20/7/2007,81.48 
23/7/2007,81.98 
24/7/2007,82.19 
25/7/2007,81.98 
26/7/2007,79.48 
27/7/2007,76.83 
30/7/2007,77.98 
31/7/2007,79.33 
1/8/2007,75.26 
2/8/2007,76.47 
3/8/2007,76.19 
6/8/2007,74.97 
7/8/2007,75.19 
8/8/2007,76.90 
9/8/2007,75.90 
10/8/2007,73.62 
13/8/2007,75.12 
14/8/2007,75.19 
15/8/2007,73.12 
16/8/2007,70.97 
17/8/2007,70.76 
20/8/2007,72.97 
21/8/2007,73.33 
22/8/2007,76.26 
23/8/2007,78.40 
24/8/2007,77.69 
27/8/2007,79.98 
28/8/2007,79.48 
29/8/2007,77.76 
30/8/2007,80.12 
31/8/2007,81.91 
3/9/2007,81.84 
4/9/2007,81.33 
5/9/2007,82.05 
6/9/2007,82.76 
7/9/2007,83.19 
10/9/2007,82.34 
11/9/2007,81.84 
12/9/2007,84.91 
13/9/2007,87.12 
14/9/2007,91.13 
17/9/2007,85.62 
18/9/2007,85.77 
19/9/2007,91.63 
20/9/2007,90.77 
21/9/2007,88.55 
24/9/2007,89.41 
25/9/2007,88.91 
27/9/2007,93.06 
28/9/2007,91.48 
2/10/2007,95.77 
3/10/2007,90.98 
4/10/2007,86.84 
5/10/2007,91.13 
8/10/2007,90.70 
9/10/2007,95.84 
10/10/2007,94.91 
11/10/2007,97.34 
12/10/2007,96.99 
15/10/2007,98.20 
16/10/2007,92.84 
17/10/2007,95.34 
18/10/2007,94.70 
22/10/2007,89.41 
23/10/2007,93.20 
24/10/2007,92.13 
25/10/2007,98.70 
26/10/2007,104.28 
29/10/2007,113.14 
30/10/2007,110.35 
31/10/2007,107.92 
1/11/2007,106.49 
2/11/2007,100.63 
5/11/2007,94.91 
6/11/2007,102.06 
7/11/2007,104.21 
8/11/2007,101.63 
9/11/2007,101.92 
12/11/2007,101.28 
13/11/2007,103.28 
14/11/2007,107.07 
15/11/2007,103.42 
16/11/2007,98.42 
19/11/2007,99.35 
20/11/2007,99.85 
21/11/2007,94.34 
22/11/2007,92.20 
23/11/2007,94.91 
26/11/2007,99.99 
27/11/2007,98.63 
28/11/2007,100.06 
29/11/2007,102.85 
30/11/2007,104.21 
3/12/2007,107.85 
4/12/2007,108.64 
5/12/2007,107.78 
6/12/2007,105.64 
7/12/2007,100.92 
10/12/2007,99.99 
11/12/2007,104.71 
12/12/2007,102.49 
13/12/2007,99.63 
14/12/2007,99.92 
17/12/2007,94.41 
18/12/2007,93.41 
19/12/2007,96.27 
20/12/2007,96.20 
21/12/2007,100.49 
24/12/2007,101.49 
27/12/2007,101.35 
28/12/2007,98.35 
31/12/2007,103.13 
2/1/2008,102.56 
3/1/2008,101.56 
4/1/2008,103.42 
7/1/2008,104.85 
8/1/2008,101.78 
9/1/2008,104.28 
10/1/2008,100.78 
11/1/2008,97.77 
14/1/2008,97.70 
15/1/2008,97.13 
16/1/2008,92.48 
17/1/2008,92.48 
18/1/2008,92.63 
21/1/2008,88.27 
22/1/2008,84.05 
23/1/2008,92.91 
24/1/2008,87.34 
25/1/2008,93.91 
28/1/2008,89.70 
29/1/2008,91.27 
30/1/2008,89.77 
31/1/2008,89.84 
1/2/2008,88.20 
4/2/2008,89.98 
5/2/2008,88.12 
6/2/2008,85.05 
11/2/2008,80.76 
12/2/2008,81.41 
13/2/2008,82.69 
14/2/2008,85.77 
15/2/2008,86.77 
18/2/2008,86.48 
19/2/2008,86.12 
20/2/2008,83.55 
21/2/2008,81.98 
22/2/2008,80.05 
25/2/2008,79.98 
26/2/2008,81.76 
27/2/2008,84.62 
28/2/2008,85.62 
29/2/2008,85.12 
3/3/2008,81.84 
4/3/2008,80.41 
5/3/2008,81.12 
6/3/2008,80.33 
7/3/2008,76.47 
10/3/2008,75.69 
11/3/2008,78.48 
12/3/2008,79.12 
13/3/2008,75.76 
14/3/2008,74.69 
17/3/2008,70.79 
18/3/2008,73.97 
19/3/2008,75.55 
20/3/2008,72.04 
25/3/2008,77.26 
26/3/2008,77.33 
27/3/2008,78.62 
28/3/2008,79.98 
31/3/2008,78.98 
1/4/2008,80.98 
2/4/2008,83.98 
3/4/2008,85.48 
7/4/2008,87.20 
8/4/2008,87.05 
9/4/2008,84.77 
10/4/2008,84.69 
11/4/2008,84.77 
14/4/2008,82.91 
15/4/2008,83.05 
16/4/2008,82.91 
17/4/2008,82.98 
18/4/2008,82.69 
21/4/2008,85.48 
22/4/2008,85.41 
23/4/2008,87.12 
24/4/2008,86.91 
25/4/2008,86.77 
28/4/2008,87.55 
29/4/2008,88.05 
30/4/2008,86.77 
2/5/2008,88.84 
5/5/2008,90.55 
6/5/2008,90.77 
7/5/2008,87.91 
8/5/2008,87.27 
9/5/2008,86.77 
13/5/2008,86.70 
14/5/2008,87.34 
15/5/2008,88.63 
16/5/2008,91.84 
19/5/2008,93.41 
20/5/2008,90.41 
21/5/2008,91.20 
22/5/2008,90.05 
23/5/2008,88.77 
26/5/2008,87.12 
27/5/2008,86.77 
28/5/2008,85.98 
29/5/2008,86.70 
30/5/2008,85.69 
2/6/2008,87.41 
3/6/2008,87.77 
4/6/2008,87.84 
5/6/2008,89.34 
6/6/2008,89.98 
10/6/2008,86.48 
11/6/2008,85.34 
12/6/2008,83.34 
13/6/2008,80.76 
16/6/2008,81.62 
17/6/2008,81.41 
18/6/2008,82.34 
19/6/2008,81.48 
20/6/2008,80.33 
23/6/2008,81.12 
24/6/2008,80.12 
25/6/2008,79.76 
26/6/2008,78.90 
27/6/2008,76.76 
30/6/2008,75.12 
2/7/2008,73.69 
3/7/2008,73.19 
4/7/2008,73.54 
7/7/2008,75.33 
8/7/2008,74.40 
9/7/2008,75.90 
10/7/2008,76.05 
11/7/2008,76.83 
14/7/2008,76.55 
15/7/2008,74.12 
16/7/2008,73.69 
17/7/2008,74.97 
18/7/2008,75.55 
21/7/2008,78.26 
22/7/2008,78.62 
23/7/2008,79.33 
24/7/2008,79.62 
25/7/2008,79.33 
28/7/2008,78.76 
29/7/2008,77.12 
30/7/2008,78.45 
31/7/2008,78.76 
1/8/2008,77.95 
4/8/2008,78.19 
5/8/2008,77.39 
6/8/2008,77.33 
7/8/2008,77.76 
8/8/2008,78.26 
11/8/2008,79.21 
12/8/2008,78.55 
13/8/2008,78.34 
14/8/2008,78.42 
15/8/2008,77.33 
18/8/2008,76.19 
19/8/2008,72.90 
20/8/2008,74.33 
21/8/2008,72.26 
22/8/2008,72.26 
25/8/2008,74.90 
26/8/2008,76.12 
27/8/2008,77.90 
28/8/2008,77.98 
29/8/2008,80.19 
1/9/2008,79.48 
2/9/2008,80.33 
3/9/2008,80.19 
4/9/2008,79.69 
5/9/2008,75.12 
8/9/2008,77.62 
9/9/2008,77.05 
10/9/2008,74.19 
11/9/2008,71.26 
12/9/2008,72.33 
16/9/2008,70.83 
17/9/2008,67.93 
18/9/2008,65.86 
19/9/2008,70.72 
22/9/2008,71.97 
23/9/2008,67.90 
24/9/2008,67.18 
25/9/2008,67.79 
26/9/2008,67.18 
29/9/2008,62.18 
30/9/2008,61.64 
2/10/2008,62.11 
3/10/2008,60.18 
6/10/2008,56.14 
8/10/2008,51.82 
9/10/2008,52.50 
10/10/2008,48.24 
13/10/2008,55.32 
14/10/2008,58.25 
15/10/2008,56.46 
16/10/2008,53.60 
17/10/2008,51.10 
20/10/2008,54.68 
21/10/2008,54.96 
22/10/2008,53.32 
23/10/2008,52.14 
24/10/2008,49.32 
27/10/2008,42.88 
28/10/2008,50.03 
29/10/2008,50.74 
30/10/2008,53.82 
31/10/2008,51.85 
3/11/2008,54.78 
4/11/2008,55.64 
5/11/2008,57.89 
6/11/2008,53.75 
7/11/2008,56.61 
10/11/2008,57.18 
11/11/2008,51.89 
12/11/2008,49.96 
13/11/2008,46.81 
14/11/2008,46.78 
17/11/2008,48.31 
18/11/2008,46.53 
19/11/2008,46.46 
20/11/2008,46.67 
21/11/2008,47.92 
24/11/2008,46.92 
25/11/2008,47.53 
26/11/2008,50.03 
27/11/2008,50.14 
28/11/2008,52.17 
1/12/2008,51.10 
2/12/2008,49.82 
3/12/2008,48.46 
4/12/2008,46.81 
5/12/2008,48.24 
8/12/2008,52.14 
9/12/2008,52.89 
10/12/2008,57.68 
11/12/2008,59.82 
12/12/2008,55.75 
15/12/2008,57.18 
16/12/2008,57.39 
17/12/2008,57.53 
18/12/2008,56.75 
19/12/2008,58.21 
22/12/2008,55.07 
23/12/2008,50.89 
24/12/2008,52.17 
29/12/2008,51.82 
30/12/2008,50.74 
31/12/2008,52.39 
2/1/2009,54.96 
5/1/2009,57.89 
6/1/2009,58.25 
7/1/2009,56.28 
8/1/2009,54.71 
9/1/2009,54.60 
12/1/2009,53.60 
13/1/2009,52.17 
14/1/2009,52.89 
15/1/2009,50.21 
16/1/2009,50.24 
19/1/2009,51.60 
20/1/2009,50.74 
21/1/2009,48.60 
22/1/2009,48.99 
23/1/2009,48.35 
29/1/2009,49.24 
30/1/2009,52.10 
2/2/2009,50.39 
3/2/2009,47.31 
4/2/2009,47.39 
5/2/2009,46.17 
6/2/2009,47.53 
9/2/2009,48.53 
10/2/2009,48.28 
11/2/2009,47.64 
12/2/2009,47.24 
13/2/2009,48.31 
16/2/2009,48.57 
17/2/2009,46.81 
18/2/2009,47.67 
19/2/2009,46.39 
20/2/2009,45.06 
23/2/2009,47.03 
24/2/2009,46.03 
25/2/2009,46.53 
26/2/2009,46.24 
27/2/2009,45.63 
2/3/2009,43.53 
3/3/2009,43.96 
4/3/2009,44.03 
5/3/2009,43.20 
6/3/2009,41.78 
9/3/2009,40.24 
10/3/2009,40.02 
11/3/2009,42.24 
12/3/2009,42.78 
13/3/2009,44.88 
16/3/2009,46.28 
17/3/2009,45.38 
18/3/2009,45.49 
19/3/2009,46.78 
20/3/2009,45.13 
23/3/2009,48.82 
24/3/2009,50.67 
25/3/2009,50.10 
26/3/2009,51.03 
27/3/2009,50.39 
30/3/2009,47.81 
31/3/2009,47.71 
1/4/2009,47.49 
2/4/2009,51.46 
3/4/2009,52.32 
6/4/2009,53.96 
7/4/2009,54.39 
8/4/2009,51.42 
9/4/2009,53.10 
14/4/2009,55.00 
15/4/2009,54.53 
16/4/2009,54.32 
17/4/2009,54.78 
20/4/2009,56.68 
21/4/2009,55.25 
22/4/2009,54.00 
23/4/2009,55.35 
24/4/2009,56.61 
27/4/2009,54.82 
28/4/2009,52.67 
29/4/2009,54.07 
30/4/2009,57.68 
4/5/2009,61.72 
5/5/2009,62.39 
6/5/2009,63.29 
7/5/2009,62.68 
8/5/2009,62.04 
11/5/2009,60.89 
12/5/2009,60.57 
13/5/2009,61.75 
14/5/2009,58.61 
15/5/2009,59.43 
18/5/2009,60.61 
19/5/2009,61.18 
20/5/2009,60.04 
21/5/2009,59.32 
22/5/2009,59.32 
25/5/2009,63.47 
26/5/2009,65.04 
27/5/2009,68.36 
29/5/2009,68.47 
1/6/2009,70.19 
2/6/2009,67.33 
3/6/2009,68.33 
4/6/2009,67.51 
5/6/2009,68.29 
8/6/2009,65.68 
9/6/2009,65.40 
10/6/2009,67.15 
11/6/2009,65.36 
12/6/2009,65.29 
15/6/2009,63.97 
16/6/2009,62.72 
17/6/2009,61.61 
18/6/2009,61.36 
19/6/2009,61.47 
22/6/2009,63.54 
23/6/2009,62.22 
24/6/2009,63.15 
25/6/2009,64.93 
26/6/2009,66.61 
29/6/2009,66.00 
30/6/2009,63.68 
2/7/2009,62.36 
3/7/2009,62.29 
6/7/2009,61.79 
7/7/2009,61.32 
8/7/2009,60.04 
9/7/2009,61.00 
10/7/2009,61.11 
13/7/2009,59.57 
14/7/2009,61.64 
15/7/2009,63.00 
16/7/2009,63.18 
17/7/2009,66.04 
20/7/2009,69.72 
21/7/2009,69.33 
22/7/2009,68.54 
23/7/2009,70.97 
24/7/2009,70.65 
27/7/2009,72.47 
28/7/2009,73.47 
29/7/2009,70.36 
30/7/2009,70.40 
31/7/2009,71.54 
3/8/2009,71.54 
4/8/2009,69.65 
5/8/2009,69.26 
6/8/2009,70.76 
7/8/2009,67.86 
10/8/2009,69.26 
11/8/2009,69.47 
12/8/2009,68.58 
13/8/2009,69.97 
14/8/2009,68.93 
17/8/2009,67.90 
18/8/2009,68.97 
19/8/2009,67.11 
20/8/2009,69.90 
21/8/2009,70.40 
24/8/2009,71.44 
25/8/2009,70.29 
26/8/2009,70.76 
27/8/2009,69.72 
28/8/2009,68.01 
31/8/2009,65.72 
1/9/2009,65.54 
2/9/2009,64.47 
3/9/2009,64.43 
4/9/2009,66.54 
7/9/2009,67.22 
8/9/2009,68.40 
9/9/2009,68.47 
10/9/2009,68.68 
11/9/2009,69.43 
14/9/2009,68.86 
15/9/2009,68.15 
16/9/2009,69.65 
17/9/2009,71.69 
18/9/2009,71.36 
21/9/2009,70.83 
22/9/2009,72.04 
23/9/2009,71.97 
24/9/2009,70.33 
25/9/2009,69.36 
28/9/2009,68.01 
29/9/2009,69.97 
30/9/2009,70.29 
2/10/2009,68.08 
5/10/2009,66.68 
6/10/2009,67.25 
7/10/2009,68.22 
8/10/2009,70.40 
9/10/2009,69.97 
12/10/2009,69.51 
13/10/2009,70.15 
14/10/2009,71.54 
15/10/2009,71.76 
16/10/2009,71.15 
19/10/2009,71.61 
20/10/2009,76.69 
21/10/2009,76.83 
22/10/2009,75.97 
23/10/2009,75.40 
27/10/2009,73.12 
28/10/2009,71.11 
29/10/2009,69.47 
30/10/2009,71.69 
2/11/2009,70.72 
3/11/2009,69.36 
4/11/2009,69.51 
5/11/2009,68.43 
6/11/2009,69.58 
9/11/2009,70.11 
10/11/2009,69.33 
11/11/2009,69.04 
12/11/2009,69.15 
13/11/2009,69.97 
16/11/2009,70.22 
17/11/2009,69.76 
18/11/2009,69.22 
19/11/2009,69.65 
20/11/2009,69.11 
23/11/2009,69.47 
24/11/2009,69.33 
25/11/2009,70.40 
26/11/2009,69.86 
27/11/2009,68.04 
30/11/2009,69.61 
1/12/2009,70.47 
2/12/2009,71.04 
3/12/2009,72.40 
4/12/2009,72.40 
7/12/2009,72.04 
8/12/2009,71.97 
9/12/2009,70.86 
10/12/2009,70.40 
11/12/2009,71.83 
14/12/2009,72.76 
15/12/2009,71.83 
16/12/2009,70.65 
17/12/2009,69.47 
18/12/2009,68.65 
21/12/2009,67.90 
22/12/2009,67.90 
23/12/2009,69.33 
28/12/2009,69.26 
29/12/2009,70.47 
30/12/2009,70.72 
4/1/2010,71.47 
5/1/2010,72.47 
6/1/2010,72.54 
7/1/2010,72.76 
8/1/2010,72.97 
11/1/2010,72.76 
12/1/2010,72.62 
13/1/2010,70.61 
14/1/2010,70.26 
15/1/2010,69.76 
18/1/2010,70.86 
19/1/2010,71.47 
20/1/2010,70.47 
21/1/2010,68.93 
22/1/2010,68.54 
25/1/2010,68.93 
26/1/2010,67.61 
27/1/2010,66.90 
28/1/2010,66.65 
29/1/2010,65.79 
1/2/2010,67.00 
2/2/2010,67.43 
3/2/2010,67.65 
4/2/2010,66.47 
5/2/2010,64.40 
8/2/2010,64.75 
9/2/2010,65.86 
10/2/2010,65.68 
11/2/2010,66.93 
12/2/2010,68.01 
17/2/2010,68.40 
18/2/2010,67.51 
19/2/2010,65.47 
22/2/2010,67.15 
23/2/2010,67.83 
24/2/2010,67.61 
25/2/2010,67.54 
26/2/2010,67.68 
1/3/2010,69.29 
2/3/2010,69.33 
3/3/2010,68.76 
4/3/2010,68.40 
5/3/2010,68.61 
8/3/2010,69.90 
9/3/2010,70.15 
10/3/2010,70.19 
11/3/2010,70.08 
12/3/2010,70.44 
15/3/2010,70.15 
16/3/2010,69.40 
17/3/2010,71.04 
18/3/2010,70.51 
19/3/2010,71.29 
22/3/2010,70.11 
23/3/2010,69.97 
24/3/2010,70.69 
25/3/2010,69.97 
26/3/2010,71.47 
29/3/2010,72.47 
30/3/2010,72.12 
31/3/2010,71.47 
1/4/2010,73.26 
7/4/2010,74.26 
8/4/2010,74.04 
9/4/2010,74.62 
12/4/2010,74.62 
13/4/2010,75.05 
14/4/2010,75.76 
15/4/2010,75.40 
16/4/2010,73.83 
19/4/2010,71.83 
20/4/2010,71.97 
21/4/2010,71.76 
22/4/2010,70.72 
23/4/2010,70.08 
26/4/2010,70.72 
27/4/2010,70.26 
28/4/2010,69.61 
29/4/2010,69.26 
30/4/2010,69.36 
3/5/2010,68.86 
4/5/2010,68.04 
5/5/2010,67.25 
6/5/2010,65.86 
7/5/2010,65.68 
10/5/2010,66.68 
11/5/2010,65.65 
12/5/2010,65.61 
13/5/2010,66.36 
14/5/2010,66.29 
17/5/2010,65.65 
18/5/2010,64.57 
19/5/2010,64.40 
20/5/2010,64.04 
24/5/2010,64.15 
25/5/2010,61.75 
26/5/2010,61.14 
27/5/2010,62.54 
28/5/2010,63.22 
31/5/2010,63.40 
1/6/2010,63.04 
2/6/2010,62.57 
3/6/2010,63.22 
4/6/2010,62.86 
7/6/2010,61.61 
8/6/2010,62.68 
9/6/2010,62.86 
10/6/2010,62.54 
11/6/2010,63.36 
14/6/2010,63.75 
15/6/2010,64.11 
17/6/2010,64.25 
18/6/2010,64.50 
21/6/2010,66.08 
22/6/2010,66.54 
23/6/2010,67.08 
24/6/2010,67.18 
25/6/2010,67.15 
28/6/2010,66.90 
29/6/2010,65.15 
30/6/2010,64.61 
2/7/2010,64.97 
5/7/2010,65.47 
6/7/2010,65.79 
7/7/2010,64.75 
8/7/2010,64.97 
9/7/2010,66.43 
12/7/2010,66.08 
13/7/2010,66.29 
14/7/2010,66.33 
15/7/2010,65.58 
16/7/2010,65.08 
19/7/2010,64.57 
20/7/2010,65.25 
21/7/2010,65.29 
22/7/2010,65.68 
23/7/2010,66.40 
26/7/2010,67.25 
27/7/2010,67.04 
28/7/2010,66.90 
29/7/2010,67.11 
30/7/2010,67.00 
2/8/2010,68.40 
3/8/2010,69.08 
4/8/2010,69.11 
5/8/2010,69.04 
6/8/2010,71.76 
9/8/2010,73.26 
10/8/2010,72.33 
11/8/2010,72.76 
12/8/2010,73.54 
13/8/2010,72.62 
16/8/2010,71.04 
17/8/2010,71.61 
18/8/2010,71.90 
19/8/2010,72.12 
20/8/2010,71.26 
23/8/2010,71.01 
24/8/2010,69.47 
25/8/2010,69.76 
26/8/2010,70.11 
27/8/2010,70.40 
30/8/2010,70.19 
31/8/2010,69.97 
1/9/2010,70.08 
2/9/2010,71.08 
3/9/2010,71.08 
6/9/2010,72.76 
7/9/2010,73.69 
8/9/2010,72.76 
9/9/2010,73.12 
10/9/2010,72.90 
13/9/2010,73.62 
14/9/2010,73.19 
15/9/2010,73.69 
16/9/2010,73.69 
17/9/2010,75.05 
20/9/2010,76.26 
21/9/2010,78.05 
22/9/2010,79.69 
24/9/2010,80.83 
27/9/2010,82.62 
28/9/2010,81.62 
29/9/2010,81.98 
30/9/2010,84.05 
4/10/2010,84.91 
5/10/2010,82.41 
6/10/2010,83.55 
7/10/2010,83.55 
8/10/2010,86.41 
11/10/2010,86.77 
12/10/2010,84.69 
13/10/2010,84.84 
14/10/2010,87.34 
15/10/2010,86.98 
18/10/2010,85.55 
19/10/2010,88.20 
20/10/2010,88.27 
21/10/2010,87.34 
22/10/2010,87.77 
25/10/2010,86.98 
26/10/2010,87.41 
27/10/2010,85.69 
28/10/2010,84.69 
29/10/2010,84.34 
1/11/2010,87.77 
2/11/2010,87.84 
3/11/2010,90.13 
4/11/2010,92.84 
5/11/2010,92.91 
8/11/2010,93.20 
9/11/2010,91.41 
10/11/2010,91.34 
11/11/2010,90.70 
12/11/2010,90.91 
15/11/2010,91.13 
16/11/2010,89.70 
17/11/2010,87.05 
18/11/2010,88.48 
19/11/2010,86.20 
22/11/2010,83.41 
23/11/2010,79.69 
24/11/2010,81.41 
25/11/2010,82.76 
26/11/2010,82.05 
29/11/2010,83.69 
30/11/2010,82.05 
1/12/2010,83.19 
2/12/2010,83.34 
3/12/2010,83.34 
6/12/2010,82.19 
7/12/2010,82.12 
8/12/2010,81.41 
9/12/2010,81.62 
10/12/2010,81.69 
13/12/2010,82.84 
14/12/2010,83.41 
15/12/2010,82.05 
16/12/2010,81.41 
17/12/2010,81.33 
20/12/2010,81.48 
21/12/2010,83.12 
22/12/2010,86.05 
23/12/2010,86.34 
28/12/2010,84.55 
29/12/2010,86.91 
30/12/2010,86.48 
3/1/2011,89.84 
4/1/2011,90.98 
5/1/2011,91.98 
6/1/2011,93.99 
7/1/2011,93.99 
10/1/2011,92.77 
11/1/2011,94.63 
12/1/2011,94.20 
13/1/2011,93.56 
14/1/2011,96.13 
17/1/2011,96.77 
18/1/2011,95.84 
19/1/2011,96.06 
20/1/2011,94.99 
21/1/2011,94.77 
24/1/2011,95.06 
25/1/2011,95.49 
26/1/2011,95.99 
27/1/2011,96.70 
28/1/2011,94.56 
31/1/2011,91.91 
1/2/2011,91.06 
7/2/2011,93.84 
8/2/2011,90.98 
9/2/2011,89.70 
10/2/2011,86.77 
11/2/2011,86.34 
14/2/2011,86.70 
15/2/2011,84.69 
16/2/2011,86.77 
17/2/2011,86.34 
18/2/2011,86.77 
21/2/2011,86.98 
22/2/2011,84.98 
23/2/2011,83.91 
24/2/2011,83.34 
25/2/2011,85.69 
28/2/2011,86.62 
1/3/2011,90.05 
2/3/2011,87.91 
3/3/2011,87.84 
4/3/2011,89.41 
7/3/2011,88.27 
8/3/2011,89.98 
9/3/2011,89.55 
10/3/2011,89.27 
11/3/2011,88.05 
14/3/2011,87.48 
15/3/2011,84.91 
16/3/2011,85.41 
17/3/2011,83.34 
18/3/2011,83.26 
21/3/2011,84.91 
22/3/2011,84.91 
23/3/2011,86.62 
24/3/2011,86.20 
25/3/2011,87.48 
28/3/2011,87.12 
29/3/2011,87.55 
30/3/2011,91.06 
31/3/2011,90.63 
1/4/2011,90.91 
4/4/2011,92.84 
6/4/2011,93.99 
7/4/2011,91.91 
8/4/2011,92.98 
11/4/2011,92.13 
12/4/2011,91.41 
13/4/2011,91.91 
14/4/2011,91.34 
15/4/2011,91.27 
18/4/2011,90.41 
19/4/2011,88.70 
20/4/2011,89.34 
21/4/2011,90.20 
26/4/2011,89.70 
27/4/2011,88.77 
28/4/2011,88.05 
29/4/2011,87.34 
3/5/2011,86.27 
4/5/2011,85.48 
5/5/2011,84.98 
6/5/2011,84.48 
9/5/2011,85.34 
11/5/2011,83.69 
12/5/2011,82.69 
13/5/2011,84.27 
16/5/2011,82.84 
17/5/2011,82.05 
18/5/2011,82.69 
19/5/2011,84.91 
20/5/2011,85.48 
23/5/2011,83.48 
24/5/2011,83.84 
25/5/2011,83.76 
26/5/2011,83.91 
27/5/2011,85.34 
30/5/2011,84.69 
31/5/2011,86.98 
1/6/2011,86.48 
2/6/2011,85.19 
3/6/2011,83.48 
7/6/2011,83.19 
8/6/2011,82.76 
9/6/2011,83.55 
10/6/2011,82.34 
13/6/2011,82.19 
14/6/2011,82.26 
15/6/2011,81.84 
16/6/2011,81.48 
17/6/2011,80.91 
20/6/2011,77.83 
21/6/2011,77.98 
22/6/2011,77.62 
23/6/2011,77.90 
24/6/2011,79.19 
27/6/2011,78.76 
28/6/2011,78.26 
29/6/2011,78.33 
30/6/2011,81.33 
4/7/2011,82.91 
5/7/2011,83.41 
6/7/2011,82.62 
7/7/2011,82.98 
8/7/2011,83.19 
11/7/2011,81.41 
12/7/2011,79.33 
13/7/2011,79.98 
14/7/2011,80.48 
15/7/2011,80.12 
18/7/2011,79.76 
19/7/2011,80.05 
20/7/2011,80.69 
21/7/2011,81.19 
22/7/2011,82.41 
25/7/2011,82.76 
26/7/2011,83.41 
27/7/2011,84.19 
28/7/2011,85.05 
29/7/2011,85.12 
1/8/2011,86.77 
2/8/2011,86.70 
3/8/2011,85.55 
4/8/2011,85.48 
5/8/2011,80.19 
8/8/2011,78.62 
9/8/2011,75.33 
10/8/2011,77.12 
11/8/2011,75.90 
12/8/2011,75.33 
15/8/2011,76.62 
16/8/2011,75.76 
17/8/2011,75.12 
18/8/2011,74.26 
19/8/2011,72.83 
22/8/2011,74.12 
23/8/2011,74.97 
24/8/2011,74.62 
25/8/2011,75.12 
26/8/2011,74.04 
29/8/2011,74.90 
30/8/2011,75.83 
31/8/2011,78.12 
1/9/2011,77.55 
2/9/2011,75.26 
5/9/2011,73.47 
6/9/2011,72.90 
7/9/2011,74.19 
8/9/2011,73.83 
9/9/2011,72.90 
12/9/2011,70.90 
14/9/2011,68.65 
15/9/2011,70.29 
16/9/2011,72.12 
19/9/2011,69.15 
20/9/2011,68.54 
21/9/2011,67.18 
22/9/2011,63.97 
23/9/2011,63.32 
26/9/2011,61.79 
27/9/2011,63.61 
28/9/2011,62.25 
30/9/2011,61.18 
3/10/2011,57.86 
4/10/2011,56.86 
6/10/2011,61.29 
7/10/2011,63.57 
10/10/2011,64.07 
11/10/2011,65.15 
12/10/2011,66.40 
13/10/2011,68.43 
14/10/2011,67.11 
17/10/2011,67.86 
18/10/2011,63.72 
19/10/2011,64.65 
20/10/2011,63.36 
21/10/2011,63.43 
24/10/2011,66.33 
25/10/2011,66.22 
26/10/2011,65.29 
27/10/2011,68.22 
28/10/2011,70.15 
31/10/2011,69.90 
1/11/2011,66.65 
2/11/2011,68.26 
3/11/2011,65.75 
4/11/2011,67.40 
7/11/2011,67.54 
8/11/2011,68.36 
9/11/2011,69.29 
10/11/2011,65.43 
11/11/2011,65.47 
14/11/2011,67.08 
15/11/2011,67.15 
16/11/2011,64.90 
17/11/2011,64.29 
18/11/2011,62.93 
21/11/2011,61.29 
22/11/2011,61.61 
23/11/2011,60.54 
24/11/2011,60.86 
25/11/2011,60.64 
28/11/2011,62.00 
29/11/2011,62.22 
30/11/2011,61.14 
1/12/2011,64.90 
2/12/2011,65.00 
5/12/2011,64.75 
6/12/2011,64.43 
7/12/2011,65.47 
8/12/2011,64.75 
9/12/2011,63.50 
12/12/2011,63.86 
13/12/2011,62.93 
14/12/2011,63.32 
15/12/2011,62.57 
16/12/2011,64.43 
19/12/2011,63.75 
20/12/2011,63.82 
21/12/2011,65.22 
22/12/2011,65.61 
23/12/2011,66.43 
28/12/2011,66.75 
29/12/2011,66.15 
30/12/2011,66.04 
3/1/2012,67.08 
4/1/2012,67.04 
5/1/2012,66.79 
6/1/2012,65.47 
9/1/2012,66.43 
10/1/2012,67.25 
11/1/2012,67.83 
12/1/2012,68.26 
13/1/2012,68.58 
16/1/2012,67.79 
17/1/2012,70.01 
18/1/2012,70.61 
19/1/2012,73.97 
20/1/2012,74.33 
26/1/2012,75.26 
27/1/2012,73.69 
30/1/2012,72.83 
31/1/2012,74.62 
1/2/2012,73.97 
2/2/2012,74.40 
3/2/2012,74.90 
6/2/2012,74.33 
7/2/2012,74.76 
8/2/2012,76.69 
9/2/2012,75.19 
10/2/2012,74.90 
13/2/2012,75.47 
14/2/2012,77.98 
15/2/2012,80.19 
16/2/2012,79.98 
17/2/2012,81.26 
20/2/2012,81.41 
21/2/2012,81.98 
22/2/2012,81.91 
23/2/2012,79.62 
24/2/2012,79.33 
27/2/2012,77.90 
28/2/2012,80.48 
29/2/2012,81.05 
1/3/2012,79.62 
2/3/2012,79.69 
5/3/2012,78.40 
6/3/2012,75.83 
7/3/2012,75.05 
8/3/2012,77.19 
9/3/2012,76.40 
12/3/2012,77.48 
13/3/2012,79.12 
14/3/2012,78.76 
15/3/2012,78.26 
16/3/2012,78.05 
20/3/2012,75.55 
21/3/2012,73.97 
22/3/2012,73.90 
23/3/2012,72.40 
26/3/2012,74.12 
27/3/2012,75.69 
28/3/2012,74.62 
29/3/2012,73.90 
30/3/2012,71.69 
2/4/2012,72.69 
3/4/2012,73.69 
5/4/2012,72.83 
10/4/2012,70.58 
11/4/2012,69.36 
12/4/2012,69.36 
13/4/2012,71.47 
16/4/2012,71.69 
17/4/2012,71.33 
18/4/2012,72.12 
19/4/2012,72.76 
20/4/2012,72.83 
23/4/2012,70.79 
24/4/2012,71.26 
25/4/2012,71.69 
26/4/2012,72.69 
27/4/2012,73.04 
30/4/2012,73.76 
2/5/2012,75.05 
3/5/2012,74.76 
4/5/2012,74.83 
7/5/2012,72.40 
8/5/2012,72.12 
9/5/2012,71.01 
10/5/2012,71.26 
11/5/2012,69.47 
14/5/2012,68.68 
15/5/2012,69.54 
16/5/2012,67.40 
17/5/2012,66.58 
18/5/2012,65.54 
21/5/2012,65.65 
22/5/2012,66.11 
23/5/2012,65.22 
24/5/2012,65.15 
25/5/2012,65.40 
28/5/2012,66.11 
29/5/2012,67.40 
30/5/2012,64.43 
31/5/2012,63.97 
1/6/2012,63.40 
4/6/2012,61.68 
5/6/2012,61.82 
6/6/2012,62.93 
7/6/2012,63.93 
8/6/2012,62.93 
11/6/2012,64.61 
12/6/2012,64.57 
13/6/2012,64.54 
14/6/2012,63.97 
15/6/2012,65.97 
18/6/2012,66.36 
19/6/2012,66.18 
20/6/2012,66.43 
21/6/2012,66.11 
22/6/2012,65.29 
25/6/2012,64.93 
26/6/2012,65.00 
27/6/2012,66.61 
28/6/2012,66.18 
29/6/2012,67.61 
3/7/2012,68.51 
4/7/2012,70.26 
5/7/2012,71.26 
6/7/2012,71.08 
9/7/2012,70.33 
10/7/2012,69.18 
11/7/2012,69.90 
12/7/2012,68.36 
13/7/2012,68.54 
16/7/2012,69.11 
17/7/2012,72.04 
18/7/2012,71.54 
19/7/2012,71.69 
20/7/2012,72.90 
23/7/2012,71.83 
24/7/2012,70.76 
25/7/2012,70.11 
26/7/2012,70.11 
27/7/2012,71.83 
30/7/2012,73.12 
31/7/2012,72.97 
1/8/2012,73.90 
2/8/2012,73.12 
3/8/2012,74.26 
6/8/2012,76.90 
7/8/2012,78.26 
8/8/2012,78.19 
9/8/2012,79.41 
10/8/2012,77.90 
13/8/2012,78.55 
14/8/2012,79.76 
15/8/2012,78.40 
16/8/2012,78.19 
17/8/2012,78.69 
20/8/2012,78.26 
21/8/2012,77.90 
22/8/2012,76.98 
23/8/2012,77.33 
24/8/2012,75.97 
27/8/2012,76.55 
28/8/2012,76.76 
29/8/2012,76.26 
30/8/2012,74.19 
31/8/2012,75.40 
3/9/2012,76.40 
4/9/2012,75.83 
5/9/2012,74.83 
6/9/2012,74.19 
7/9/2012,77.12 
10/9/2012,78.12 
11/9/2012,78.26 
12/9/2012,79.83 
13/9/2012,79.55 
14/9/2012,81.48 
17/9/2012,81.55 
18/9/2012,81.62 
19/9/2012,82.12 
20/9/2012,80.69 
21/9/2012,80.69 
24/9/2012,80.98 
25/9/2012,81.55 
26/9/2012,81.19 
27/9/2012,81.76 
28/9/2012,81.26 
3/10/2012,82.84 
4/10/2012,82.84 
5/10/2012,82.69 
8/10/2012,82.41 
9/10/2012,82.48 
10/10/2012,82.55 
11/10/2012,81.26 
12/10/2012,80.91 
15/10/2012,81.19 
16/10/2012,82.12 
17/10/2012,82.34 
18/10/2012,81.69 
19/10/2012,81.12 
22/10/2012,82.12 
24/10/2012,85.69 
25/10/2012,85.34 
26/10/2012,84.19 
29/10/2012,80.26 
30/10/2012,80.19 
31/10/2012,81.84 
1/11/2012,82.19 
2/11/2012,82.76 
5/11/2012,82.62 
6/11/2012,82.55 
7/11/2012,82.98 
8/11/2012,81.12 
9/11/2012,80.69 
12/11/2012,81.76 
13/11/2012,80.41 
14/11/2012,81.26 
15/11/2012,80.48 
16/11/2012,80.33 
19/11/2012,81.26 
20/11/2012,80.91 
21/11/2012,81.26 
22/11/2012,83.05 
23/11/2012,83.84 
26/11/2012,83.76 
27/11/2012,83.98 
28/11/2012,83.84 
29/11/2012,84.62 
30/11/2012,84.55 
3/12/2012,83.41 
4/12/2012,83.76 
5/12/2012,84.69 
6/12/2012,84.77 
7/12/2012,84.69 
10/12/2012,84.69 
11/12/2012,85.55 
12/12/2012,87.05 
13/12/2012,85.69 
14/12/2012,86.20 
17/12/2012,85.27 
18/12/2012,84.62 
19/12/2012,85.69 
20/12/2012,85.69 
21/12/2012,85.27 
27/12/2012,84.84 
28/12/2012,84.98 
2/1/2013,87.05 
3/1/2013,86.05 
4/1/2013,86.41 
7/1/2013,88.27 
8/1/2013,87.48 
9/1/2013,89.13 
10/1/2013,90.84 
11/1/2013,89.98 
14/1/2013,91.06 
15/1/2013,91.27 
16/1/2013,92.98 
17/1/2013,93.91 
18/1/2013,93.34 
21/1/2013,92.84 
22/1/2013,92.34 
23/1/2013,91.63 
24/1/2013,92.91 
25/1/2013,92.70 
28/1/2013,92.06 
29/1/2013,91.63 
30/1/2013,91.84 
31/1/2013,90.91 
1/2/2013,90.27 
4/2/2013,89.70 
5/2/2013,87.20 
6/2/2013,87.91 
7/2/2013,88.20 
8/2/2013,88.63 
14/2/2013,88.98 
15/2/2013,88.70 
18/2/2013,88.20 
19/2/2013,88.12 
20/2/2013,87.34 
21/2/2013,85.27 
22/2/2013,84.98 
25/2/2013,84.48 
26/2/2013,84.69 
27/2/2013,85.27 
28/2/2013,86.20 
1/3/2013,84.98 
4/3/2013,83.48 
5/3/2013,83.12 
6/3/2013,83.48 
7/3/2013,84.05 
8/3/2013,84.91 
11/3/2013,85.19 
12/3/2013,83.91 
13/3/2013,83.48 
14/3/2013,82.69 
15/3/2013,80.76 
18/3/2013,79.41 
19/3/2013,79.83 
20/3/2013,80.05 
21/3/2013,79.76 
22/3/2013,79.48 
25/3/2013,79.12 
26/3/2013,80.91 
27/3/2013,81.26 
28/3/2013,81.91 
2/4/2013,82.48 
3/4/2013,81.91 
5/4/2013,80.62 
8/4/2013,79.69 
9/4/2013,80.12 
10/4/2013,81.48 
11/4/2013,81.84 
12/4/2013,82.12 
15/4/2013,81.84 
16/4/2013,82.62 
17/4/2013,81.26 
18/4/2013,81.62 
19/4/2013,83.26 
22/4/2013,83.48 
23/4/2013,82.98 
24/4/2013,84.41 
25/4/2013,83.84 
26/4/2013,83.69 
29/4/2013,83.26 
30/4/2013,83.48 
2/5/2013,83.05 
3/5/2013,82.98 
6/5/2013,83.76 
7/5/2013,84.48 
8/5/2013,84.62 
9/5/2013,84.55 
10/5/2013,84.91 
13/5/2013,83.19 
14/5/2013,82.62 
15/5/2013,82.62 
16/5/2013,82.76 
20/5/2013,83.48 
21/5/2013,83.84 
22/5/2013,84.77 
23/5/2013,82.76 
24/5/2013,80.69 
27/5/2013,80.48 
28/5/2013,81.19 
29/5/2013,79.69 
30/5/2013,78.62 
31/5/2013,78.48 
3/6/2013,77.98 
4/6/2013,77.76 
5/6/2013,75.62 
6/6/2013,75.62 
7/6/2013,74.26 
10/6/2013,73.76 
11/6/2013,73.04 
13/6/2013,73.76 
14/6/2013,74.83 
17/6/2013,77.62 
18/6/2013,77.55 
19/6/2013,75.76 
20/6/2013,72.97 
21/6/2013,71.83 
24/6/2013,71.90 
25/6/2013,72.26 
26/6/2013,73.40 
27/6/2013,74.04 
28/6/2013,75.19 
2/7/2013,74.62 
3/7/2013,73.04 
4/7/2013,73.97 
5/7/2013,75.19 
8/7/2013,73.97 
9/7/2013,73.97 
10/7/2013,75.90 
11/7/2013,76.98 
12/7/2013,76.47 
15/7/2013,76.26 
16/7/2013,75.26 
17/7/2013,75.97 
18/7/2013,76.55 
19/7/2013,76.55 
22/7/2013,77.05 
23/7/2013,78.90 
24/7/2013,79.05 
25/7/2013,78.62 
26/7/2013,78.55 
29/7/2013,78.33 
30/7/2013,78.26 
31/7/2013,77.90 
1/8/2013,79.76 
2/8/2013,81.12 
5/8/2013,81.91 
6/8/2013,80.41 
7/8/2013,79.33 
8/8/2013,79.91 
9/8/2013,81.84 
12/8/2013,82.19 
13/8/2013,82.62 
14/8/2013,82.62 
15/8/2013,81.84 
16/8/2013,82.34 
19/8/2013,81.48 
20/8/2013,79.83 
21/8/2013,78.55 
22/8/2013,77.98 
23/8/2013,77.83 
26/8/2013,77.83 
27/8/2013,77.26 
28/8/2013,76.98 
29/8/2013,77.90 
30/8/2013,79.12 
2/9/2013,80.83 
3/9/2013,80.83 
4/9/2013,79.76 
5/9/2013,80.76 
6/9/2013,81.12 
9/9/2013,80.91 
10/9/2013,80.91 
11/9/2013,81.19 
12/9/2013,81.98 
13/9/2013,80.91 
16/9/2013,82.41 
17/9/2013,83.19 
18/9/2013,85.77 
19/9/2013,87.77 
23/9/2013,86.48 
24/9/2013,84.98 
25/9/2013,85.19 
26/9/2013,85.77 
27/9/2013,86.48 
30/9/2013,84.41 
2/10/2013,87.62 
3/10/2013,89.34 
4/10/2013,88.05 
7/10/2013,88.48 
8/10/2013,89.34 
9/10/2013,87.62 
10/10/2013,87.48 
11/10/2013,88.55 
15/10/2013,87.34 
16/10/2013,87.12 
17/10/2013,88.05 
18/10/2013,88.63 
21/10/2013,88.12 
22/10/2013,88.27 
23/10/2013,87.48 
24/10/2013,86.34 
25/10/2013,85.55 
28/10/2013,87.12 
29/10/2013,85.98 
30/10/2013,87.70 
31/10/2013,86.62 
1/11/2013,87.48 
4/11/2013,88.77 
5/11/2013,87.05 
6/11/2013,86.84 
7/11/2013,85.98 
8/11/2013,86.05 
11/11/2013,86.48 
12/11/2013,85.69 
13/11/2013,85.19 
14/11/2013,85.55 
15/11/2013,86.55 
18/11/2013,88.70 
19/11/2013,87.91 
20/11/2013,87.34 
21/11/2013,86.84 
22/11/2013,87.55 
25/11/2013,87.55 
26/11/2013,87.70 
27/11/2013,87.70 
28/11/2013,88.41 
29/11/2013,87.62 
2/12/2013,87.98 
3/12/2013,88.55 
4/12/2013,88.20 
5/12/2013,87.98 
6/12/2013,87.34 
9/12/2013,87.55 
10/12/2013,87.77 
11/12/2013,86.05 
12/12/2013,86.70 
13/12/2013,85.84 
16/12/2013,86.41 
17/12/2013,84.41 
18/12/2013,86.20 
19/12/2013,85.19 
20/12/2013,86.48 
23/12/2013,86.05 
24/12/2013,86.77 
27/12/2013,87.20 
30/12/2013,87.55 
31/12/2013,87.48 
2/1/2014,87.77 
3/1/2014,86.12 
6/1/2014,85.98 
7/1/2014,86.77 
8/1/2014,86.98 
9/1/2014,85.84 
10/1/2014,86.12 
13/1/2014,85.84 
14/1/2014,85.69 
15/1/2014,85.84 
16/1/2014,85.77 
17/1/2014,86.84 
20/1/2014,86.20 
21/1/2014,86.12 
22/1/2014,85.91 
23/1/2014,84.55 
24/1/2014,84.27 
27/1/2014,82.69 
28/1/2014,83.62 
29/1/2014,82.05 
30/1/2014,82.12 
4/2/2014,82.12 
5/2/2014,80.91 
6/2/2014,81.05 
7/2/2014,80.76 
10/2/2014,80.55 
11/2/2014,81.69 
12/2/2014,83.34 
13/2/2014,83.91 
14/2/2014,84.48 
17/2/2014,83.41 
18/2/2014,84.19 
19/2/2014,84.69 
20/2/2014,82.98 
21/2/2014,84.62 
24/2/2014,84.91 
25/2/2014,85.19 
26/2/2014,84.48 
27/2/2014,86.12 
28/2/2014,86.91 
3/3/2014,86.27 
4/3/2014,88.34 
5/3/2014,89.05 
6/3/2014,89.77 
7/3/2014,90.27 
10/3/2014,89.20 
11/3/2014,89.48 
12/3/2014,87.98 
13/3/2014,87.48 
14/3/2014,86.34 
17/3/2014,86.84 
18/3/2014,86.55 
19/3/2014,87.62 
20/3/2014,86.20 
21/3/2014,87.77 
24/3/2014,87.98 
25/3/2014,88.70 
26/3/2014,90.63 
27/3/2014,91.56 
28/3/2014,91.13 
31/3/2014,91.91 
1/4/2014,93.34 
2/4/2014,96.42 
3/4/2014,96.77 
4/4/2014,95.56 
7/4/2014,95.70 
8/4/2014,95.20 
9/4/2014,95.77 
10/4/2014,96.63 
11/4/2014,97.63 
14/4/2014,96.99 
15/4/2014,97.34 
16/4/2014,96.56 
17/4/2014,97.84 
22/4/2014,97.92 
23/4/2014,96.99 
24/4/2014,97.42 
25/4/2014,96.56 
28/4/2014,96.70 
29/4/2014,96.99 
30/4/2014,94.34 
2/5/2014,95.63 
5/5/2014,88.34 
7/5/2014,88.70 
8/5/2014,89.41 
9/5/2014,89.91 
12/5/2014,93.63 
13/5/2014,95.06 
14/5/2014,95.27 
15/5/2014,95.77 
16/5/2014,96.20 
19/5/2014,95.84 
20/5/2014,96.92 
21/5/2014,96.70 
22/5/2014,96.20 
23/5/2014,95.41 
26/5/2014,95.70 
27/5/2014,95.77 
28/5/2014,95.84 
29/5/2014,97.92 
30/5/2014,98.99 
3/6/2014,99.85 
4/6/2014,99.70 
5/6/2014,98.77 
6/6/2014,96.77 
9/6/2014,97.77 
10/6/2014,97.49 
11/6/2014,97.42 
12/6/2014,96.27 
13/6/2014,97.34 
16/6/2014,96.42 
17/6/2014,95.84 
18/6/2014,96.13 
19/6/2014,98.49 
20/6/2014,97.34 
23/6/2014,95.63 
24/6/2014,95.99 
25/6/2014,96.99 
26/6/2014,97.99 
27/6/2014,98.63 
30/6/2014,98.27 
2/7/2014,101.70 
3/7/2014,101.63 
4/7/2014,100.85 
7/7/2014,101.42 
8/7/2014,101.70 
9/7/2014,99.49 
10/7/2014,101.49 
11/7/2014,100.85 
14/7/2014,100.06 
15/7/2014,99.42 
16/7/2014,99.70 
17/7/2014,99.49 
18/7/2014,99.06 
21/7/2014,98.20 
22/7/2014,99.77 
23/7/2014,100.28 
24/7/2014,100.28 
25/7/2014,101.92 
28/7/2014,102.21 
29/7/2014,105.14 
30/7/2014,107.49 
31/7/2014,107.71 
1/8/2014,102.63 
4/8/2014,102.63 
5/8/2014,102.21 
6/8/2014,102.35 
7/8/2014,102.28 
8/8/2014,99.99 
11/8/2014,102.71 
12/8/2014,103.85 
13/8/2014,103.85 
14/8/2014,103.06 
15/8/2014,103.28 
18/8/2014,102.92 
19/8/2014,104.78 
20/8/2014,105.49 
21/8/2014,104.99 
22/8/2014,104.35 
25/8/2014,105.78 
26/8/2014,105.49 
27/8/2014,104.42 
28/8/2014,102.49 
29/8/2014,100.99 
1/9/2014,101.20 
2/9/2014,101.06 
3/9/2014,103.92 
4/9/2014,102.49 
5/9/2014,101.28 
8/9/2014,100.99 
10/9/2014,99.06 
11/9/2014,99.77 
12/9/2014,99.42 
15/9/2014,98.77 
16/9/2014,98.42 
17/9/2014,98.20 
18/9/2014,97.06 
19/9/2014,97.84 
22/9/2014,96.63 
23/9/2014,96.27 
24/9/2014,96.63 
25/9/2014,96.92 
26/9/2014,96.27 
29/9/2014,92.70 
30/9/2014,91.41 
3/10/2014,91.56 
6/10/2014,93.63 
7/10/2014,94.63 
8/10/2014,93.41 
9/10/2014,94.63 
10/10/2014,93.27 
13/10/2014,93.56 
14/10/2014,93.70 
15/10/2014,94.13 
16/10/2014,92.41 
17/10/2014,93.63 
20/10/2014,92.84 
21/10/2014,92.91 
22/10/2014,95.13 
23/10/2014,95.49 
24/10/2014,95.34 
27/10/2014,94.77 
28/10/2014,95.99 
29/10/2014,97.13 
30/10/2014,97.70 
31/10/2014,98.35 
3/11/2014,98.49 
4/11/2014,96.84 
5/11/2014,95.99 
6/11/2014,96.27 
7/11/2014,96.70 
10/11/2014,99.06 
11/11/2014,98.77 
12/11/2014,98.70 
13/11/2014,99.35 
14/11/2014,100.35 
17/11/2014,99.70 
18/11/2014,98.77 
19/11/2014,98.27 
20/11/2014,98.49 
21/11/2014,98.70 
24/11/2014,102.21 
25/11/2014,102.63 
26/11/2014,102.92 
27/11/2014,102.42 
28/11/2014,101.70 
1/12/2014,98.56 
2/12/2014,99.06 
3/12/2014,98.42 
4/12/2014,98.20 
5/12/2014,99.56 
8/12/2014,98.85 
9/12/2014,97.20 
10/12/2014,96.77 
11/12/2014,94.91 
12/12/2014,94.13 
15/12/2014,92.34 
16/12/2014,91.13 
17/12/2014,89.98 
18/12/2014,91.27 
19/12/2014,92.56 
22/12/2014,92.70 
23/12/2014,92.84 
24/12/2014,92.91 
29/12/2014,94.13 
30/12/2014,93.06 
31/12/2014,93.13 
2/1/2015,94.13 
5/1/2015,93.20 
6/1/2015,90.77 
7/1/2015,89.98 
8/1/2015,89.77 
9/1/2015,89.20 
12/1/2015,102.35 
13/1/2015,102.49 
14/1/2015,101.78 
15/1/2015,101.92 
16/1/2015,100.85 
19/1/2015,100.28 
20/1/2015,100.78 
21/1/2015,100.49 
22/1/2015,101.13 
23/1/2015,104.21 
26/1/2015,103.92 
27/1/2015,103.06 
28/1/2015,103.85 
29/1/2015,103.92 
30/1/2015,106.14 
2/2/2015,106.92 
3/2/2015,106.35 
4/2/2015,105.35 
5/2/2015,104.71 
6/2/2015,107.28 
9/2/2015,106.14 
10/2/2015,106.49 
11/2/2015,107.85 
12/2/2015,106.49 
13/2/2015,107.14 
16/2/2015,108.28 
17/2/2015,108.49 
18/2/2015,108.64 
23/2/2015,108.92 
24/2/2015,108.14 
25/2/2015,108.64 
26/2/2015,109.35 
27/2/2015,109.71 
2/3/2015,111.78 
3/3/2015,111.43 
4/3/2015,110.28 
5/3/2015,109.50 
6/3/2015,108.78 
9/3/2015,109.00 
10/3/2015,109.42 
11/3/2015,107.27 
12/3/2015,107.27 
13/3/2015,107.27 
16/3/2015,107.27 
17/3/2015,107.27 
18/3/2015,108.28 
19/3/2015,108.92 
20/3/2015,108.35 
23/3/2015,107.64 
24/3/2015,108.21 
25/3/2015,110.57 
26/3/2015,111.64 
27/3/2015,112.43 
30/3/2015,114.71 
31/3/2015,113.50 
1/4/2015,113.78 
2/4/2015,113.93 
8/4/2015,112.43 
9/4/2015,118.43 
10/4/2015,119.79 
13/4/2015,122.57 
14/4/2015,120.86 
15/4/2015,118.64 
16/4/2015,118.00 
17/4/2015,117.57 
20/4/2015,117.57 
21/4/2015,120.72 
22/4/2015,119.57 
23/4/2015,118.00 
24/4/2015,120.07 
27/4/2015,120.57 
28/4/2015,119.79 
29/4/2015,120.57 
30/4/2015,120.43 
4/5/2015,121.14 
5/5/2015,118.93 
6/5/2015,118.14 
7/5/2015,115.21 
8/5/2015,116.64 
11/5/2015,116.29 
12/5/2015,115.78 
13/5/2015,115.57 
14/5/2015,115.71 
15/5/2015,120.43 
18/5/2015,119.71 
19/5/2015,120.50 
20/5/2015,119.86 
21/5/2015,122.43 
22/5/2015,123.07 
26/5/2015,118.00 
27/5/2015,118.20 
28/5/2015,121.00 
29/5/2015,121.00 
1/6/2015,122.70 
2/6/2015,122.90 
3/6/2015,118.00 
4/6/2015,114.30 
5/6/2015,114.30 
8/6/2015,112.90 
9/6/2015,112.00 
10/6/2015,110.60 
11/6/2015,110.90 
12/6/2015,113.20 
15/6/2015,112.10 
16/6/2015,112.90 
17/6/2015,113.60 
18/6/2015,114.00 
19/6/2015,116.80 
22/6/2015,116.40 
23/6/2015,118.20 
24/6/2015,117.80 
25/6/2015,116.80 
26/6/2015,114.20 
29/6/2015,112.40 
30/6/2015,113.90 
2/7/2015,113.80 
3/7/2015,112.80 
6/7/2015,108.90 
7/7/2015,110.00 
8/7/2015,105.20 
9/7/2015,108.60 
10/7/2015,111.00 
13/7/2015,112.10 
14/7/2015,112.00 
15/7/2015,112.20 
16/7/2015,112.10 
17/7/2015,115.10 
20/7/2015,115.00 
21/7/2015,115.40 
22/7/2015,114.50 
23/7/2015,114.40 
24/7/2015,114.60 
27/7/2015,111.30 
28/7/2015,111.80 
29/7/2015,111.70 
30/7/2015,112.40 
31/7/2015,115.10 
3/8/2015,113.70 
4/8/2015,114.30 
5/8/2015,113.10 
6/8/2015,114.20 
7/8/2015,115.30 
10/8/2015,115.90 
11/8/2015,114.20 
12/8/2015,111.80 
13/8/2015,111.70 
14/8/2015,113.70 
17/8/2015,113.10 
18/8/2015,110.90 
19/8/2015,108.70 
20/8/2015,105.80 
21/8/2015,102.60 
24/8/2015,98.55 
25/8/2015,102.30 
26/8/2015,100.30 
27/8/2015,103.90 
28/8/2015,104.60 
31/8/2015,103.30 
1/9/2015,101.20 
2/9/2015,102.60 
4/9/2015,102.00 
7/9/2015,101.00 
8/9/2015,103.60 
9/9/2015,109.90 
10/9/2015,108.10 
11/9/2015,104.90 
14/9/2015,105.20 
15/9/2015,104.20 
16/9/2015,106.00 
17/9/2015,103.70 
18/9/2015,103.60 
21/9/2015,103.50 
22/9/2015,103.00 
23/9/2015,101.50 
24/9/2015,100.90 
25/9/2015,100.80 
29/9/2015,98.60 
30/9/2015,100.20 
2/10/2015,103.40 
5/10/2015,103.90 
6/10/2015,103.80 
7/10/2015,104.10 
8/10/2015,102.60 
9/10/2015,102.40 
12/10/2015,104.80 
13/10/2015,105.60 
14/10/2015,106.00 
15/10/2015,107.70 
16/10/2015,107.50 
19/10/2015,107.50 
20/10/2015,106.40 
22/10/2015,107.50 
23/10/2015,108.20 
26/10/2015,106.50 
27/10/2015,107.40 
28/10/2015,107.20 
29/10/2015,106.50 
30/10/2015,106.50 
2/11/2015,103.70 
3/11/2015,104.20 
4/11/2015,105.80 
5/11/2015,104.80 
6/11/2015,104.10 
9/11/2015,103.30 
10/11/2015,101.90 
11/11/2015,102.10 
12/11/2015,103.90 
13/11/2015,102.30 
16/11/2015,101.00 
17/11/2015,102.00 
18/11/2015,102.00 
19/11/2015,103.80 
20/11/2015,104.50 
23/11/2015,104.00 
24/11/2015,104.00 
25/11/2015,103.60 
26/11/2015,102.90 
27/11/2015,101.20 
30/11/2015,101.70 
1/12/2015,103.30 
2/12/2015,103.60 
3/12/2015,103.30 
4/12/2015,103.70 
7/12/2015,103.50 
8/12/2015,101.80 
9/12/2015,101.80 
10/12/2015,101.20 
11/12/2015,101.30 
14/12/2015,101.50 
15/12/2015,100.10 
16/12/2015,102.40 
17/12/2015,101.20 
18/12/2015,103.00 
21/12/2015,103.00 
22/12/2015,103.40 
23/12/2015,104.40 
24/12/2015,104.70 
28/12/2015,103.90 
29/12/2015,104.90 
30/12/2015,104.70 
31/12/2015,104.60 
4/1/2016,103.00 
5/1/2016,102.60 
6/1/2016,102.50 
7/1/2016,100.40 
8/1/2016,99.35 
11/1/2016,97.95 
12/1/2016,97.00 
13/1/2016,99.05 
14/1/2016,97.90 
15/1/2016,97.55 
18/1/2016,96.70 
19/1/2016,96.50 
20/1/2016,93.60 
21/1/2016,93.20 
22/1/2016,94.55 
25/1/2016,94.20 
26/1/2016,93.05 
27/1/2016,93.15 
28/1/2016,94.50 
29/1/2016,96.35 
1/2/2016,97.55 
2/2/2016,97.10 
3/2/2016,95.35 
4/2/2016,96.90 
5/2/2016,95.15 
11/2/2016,93.60 
12/2/2016,91.95 
15/2/2016,93.50 
16/2/2016,94.90 
17/2/2016,95.05 
18/2/2016,95.85 
19/2/2016,95.60 
22/2/2016,96.00 
23/2/2016,95.40 
24/2/2016,95.55 
25/2/2016,93.70 
26/2/2016,95.10 
29/2/2016,93.95 
1/3/2016,94.80 
2/3/2016,97.70 
3/3/2016,97.55 
4/3/2016,98.85 
7/3/2016,98.15 
8/3/2016,97.10 
9/3/2016,97.30 
10/3/2016,98.30 
11/3/2016,99.15 
14/3/2016,99.10 
15/3/2016,98.90 
16/3/2016,99.10 
17/3/2016,98.85 
18/3/2016,100.60 
21/3/2016,100.00 
22/3/2016,102.40 
23/3/2016,101.40 
24/3/2016,100.30 
29/3/2016,100.30 
30/3/2016,102.30 
31/3/2016,100.70 
1/4/2016,100.80 
5/4/2016,98.80 
6/4/2016,99.80 
7/4/2016,99.25 
8/4/2016,99.00 
11/4/2016,98.95 
12/4/2016,97.60 
13/4/2016,99.20 
14/4/2016,99.00 
15/4/2016,99.30 
18/4/2016,97.45 
19/4/2016,97.40 
20/4/2016,97.15 
21/4/2016,97.50 
22/4/2016,96.90 
25/4/2016,96.40 
26/4/2016,95.40 
27/4/2016,94.55 
28/4/2016,94.20 
29/4/2016,93.00 
3/5/2016,92.40 
4/5/2016,93.00 
5/5/2016,92.60 
6/5/2016,92.70 
9/5/2016,92.55 
10/5/2016,93.85 
11/5/2016,93.05 
12/5/2016,92.20 
13/5/2016,91.15 
16/5/2016,91.45 
17/5/2016,91.95 
18/5/2016,89.10 
19/5/2016,88.45 
20/5/2016,89.20 
23/5/2016,88.15 
24/5/2016,88.75 
25/5/2016,89.90 
26/5/2016,89.60 
27/5/2016,90.35 
30/5/2016,90.30 
31/5/2016,90.20 
1/6/2016,89.15 
2/6/2016,90.35 
3/6/2016,91.35 
6/6/2016,92.10 
7/6/2016,92.70 
8/6/2016,92.50 
10/6/2016,91.85 
13/6/2016,89.85 
14/6/2016,89.05 
15/6/2016,88.60 
16/6/2016,87.85 
17/6/2016,88.70 
20/6/2016,90.45 
21/6/2016,91.05 
22/6/2016,90.75 
23/6/2016,91.65 
24/6/2016,87.00 
27/6/2016,83.50 
28/6/2016,82.00 
29/6/2016,82.85 
30/6/2016,84.55 
4/7/2016,84.40 
5/7/2016,83.00 
6/7/2016,82.40 
7/7/2016,83.35 
8/7/2016,81.90 
11/7/2016,82.60 
12/7/2016,84.75 
13/7/2016,85.95 
14/7/2016,86.45 
15/7/2016,87.05 
18/7/2016,87.80 
19/7/2016,87.85 
20/7/2016,87.55 
21/7/2016,89.20 
22/7/2016,88.40 
25/7/2016,88.80 
26/7/2016,90.30 
27/7/2016,91.35 
28/7/2016,91.10 
29/7/2016,90.80 
1/8/2016,91.75 
2/8/2016,91.75 
3/8/2016,91.25 
4/8/2016,91.65 
5/8/2016,92.50 
8/8/2016,94.15 
9/8/2016,94.25 
10/8/2016,93.95 
11/8/2016,93.25 
12/8/2016,95.75 
15/8/2016,97.80 
16/8/2016,97.80 
17/8/2016,98.40 
18/8/2016,98.15 
19/8/2016,97.25 
22/8/2016,98.05 
23/8/2016,99.00 
24/8/2016,98.80 
25/8/2016,98.00 
26/8/2016,98.75 
29/8/2016,98.85 
30/8/2016,99.15 
31/8/2016,99.70 
1/9/2016,99.55 
2/9/2016,102.80 
5/9/2016,103.20 
6/9/2016,102.20 
7/9/2016,102.10 
8/9/2016,102.20 
9/9/2016,102.30 
12/9/2016,99.50 
13/9/2016,99.25 
14/9/2016,99.70 
15/9/2016,99.85 
19/9/2016,101.20 
20/9/2016,99.60 
21/9/2016,99.70 
22/9/2016,100.40 
23/9/2016,100.30 
26/9/2016,99.20 
27/9/2016,99.00 
28/9/2016,99.35 
29/9/2016,99.70 
30/9/2016,98.60 
3/10/2016,99.45 
4/10/2016,99.45 
5/10/2016,99.25 
6/10/2016,98.70 
7/10/2016,98.00 
11/10/2016,95.40 
12/10/2016,96.10 
13/10/2016,95.40 
14/10/2016,96.90 
17/10/2016,96.45 
18/10/2016,97.45 
19/10/2016,97.65 
20/10/2016,98.20 
21/10/2016,98.20 
24/10/2016,98.95 
25/10/2016,98.50 
26/10/2016,97.30 
27/10/2016,96.25 
28/10/2016,95.10 
31/10/2016,95.95 
1/11/2016,96.90 
2/11/2016,95.85 
3/11/2016,95.45 
4/11/2016,95.50 
7/11/2016,95.85 
8/11/2016,96.10 
9/11/2016,94.05 
10/11/2016,94.75 
11/11/2016,93.80 
14/11/2016,93.35 
15/11/2016,93.60 
16/11/2016,93.50 
17/11/2016,93.60 
18/11/2016,94.90 
21/11/2016,95.75 
22/11/2016,96.50 
23/11/2016,96.20 
24/11/2016,95.60 
25/11/2016,95.10 
28/11/2016,94.60 
29/11/2016,94.40 
30/11/2016,94.50 
1/12/2016,94.70 
2/12/2016,93.80 
5/12/2016,93.40 
6/12/2016,93.85 
7/12/2016,92.60 
8/12/2016,92.40 
9/12/2016,92.95 
12/12/2016,92.05 
13/12/2016,91.25 
14/12/2016,91.35 
15/12/2016,90.25 
16/12/2016,90.00 
19/12/2016,88.80 
20/12/2016,88.20 
21/12/2016,87.90 
22/12/2016,88.75 
23/12/2016,88.10 
28/12/2016,88.10 
29/12/2016,87.90 
30/12/2016,87.90 
3/1/2017,90.80 
4/1/2017,90.15 
5/1/2017,90.70 
6/1/2017,90.15 
9/1/2017,90.00 
10/1/2017,90.95 
11/1/2017,92.25 
12/1/2017,91.60 
13/1/2017,92.05 
16/1/2017,90.60 
17/1/2017,90.40 
18/1/2017,91.70 
19/1/2017,91.20 
20/1/2017,91.70 
23/1/2017,91.40 
24/1/2017,92.30 
25/1/2017,91.65 
26/1/2017,92.30 
27/1/2017,93.45 
1/2/2017,92.20 
2/2/2017,92.00 
3/2/2017,91.75 
6/2/2017,91.65 
7/2/2017,91.60 
8/2/2017,91.35 
9/2/2017,91.20 
10/2/2017,91.50 
13/2/2017,91.70 
14/2/2017,93.15 
15/2/2017,93.10 
16/2/2017,92.80 
17/2/2017,93.30 
20/2/2017,92.80 
21/2/2017,93.10 
22/2/2017,93.25 
23/2/2017,92.50 
24/2/2017,94.50 
27/2/2017,96.30 
28/2/2017,95.90 
1/3/2017,96.30 
2/3/2017,96.20 
3/3/2017,95.35 
6/3/2017,95.45 
7/3/2017,96.00 
8/3/2017,96.40 
9/3/2017,95.50 
10/3/2017,95.65 
13/3/2017,95.90 
14/3/2017,96.15 
15/3/2017,96.90 
16/3/2017,96.90 
17/3/2017,97.10 
20/3/2017,97.00 
21/3/2017,96.95 
22/3/2017,96.45 
23/3/2017,97.80 
24/3/2017,97.80 
27/3/2017,96.85 
28/3/2017,96.90 
29/3/2017,96.35 
30/3/2017,96.75 
31/3/2017,95.60 
3/4/2017,95.45 
5/4/2017,95.45 
6/4/2017,95.70 
7/4/2017,95.45 
10/4/2017,95.70 
11/4/2017,95.55 
12/4/2017,95.50 
13/4/2017,94.80 
18/4/2017,94.10 
19/4/2017,93.70 
20/4/2017,93.90 
21/4/2017,93.15 
24/4/2017,95.05 
25/4/2017,96.85 
26/4/2017,96.90 
27/4/2017,97.00 
28/4/2017,97.15 
2/5/2017,97.75 
4/5/2017,97.70 
5/5/2017,97.10 
8/5/2017,97.65 
9/5/2017,98.45 
10/5/2017,100.70 
11/5/2017,101.90 
12/5/2017,101.60 
15/5/2017,102.50 
16/5/2017,100.60 
17/5/2017,100.80 
18/5/2017,99.10 
19/5/2017,99.60 
22/5/2017,99.65 
23/5/2017,100.30 
24/5/2017,101.70 
25/5/2017,101.70 
26/5/2017,101.90 
29/5/2017,101.80 
31/5/2017,101.60 
1/6/2017,101.20 
2/6/2017,101.90 
5/6/2017,100.80 
6/6/2017,101.60 
7/6/2017,101.00 
8/6/2017,101.30 
9/6/2017,100.00 
12/6/2017,99.75 
13/6/2017,99.30 
14/6/2017,98.90 
15/6/2017,98.75 
16/6/2017,98.00 
19/6/2017,98.70 
20/6/2017,98.50 
21/6/2017,98.50 
22/6/2017,99.05 
23/6/2017,99.05 
26/6/2017,98.90 
27/6/2017,98.35 
28/6/2017,98.85 
29/6/2017,98.50 
30/6/2017,98.00 
3/7/2017,97.45 
4/7/2017,96.50 
5/7/2017,96.65 
6/7/2017,97.25 
7/7/2017,97.20 
10/7/2017,98.25 
11/7/2017,98.95 
12/7/2017,99.35 
13/7/2017,100.80 
14/7/2017,100.60 
17/7/2017,100.30 
18/7/2017,100.50 
19/7/2017,100.10 
20/7/2017,100.40 
21/7/2017,100.80 
24/7/2017,101.40 
25/7/2017,101.50 
26/7/2017,101.50 
27/7/2017,101.80 
28/7/2017,102.10 
31/7/2017,102.90 
1/8/2017,104.30 
2/8/2017,107.50 
3/8/2017,108.50 
4/8/2017,105.10 
7/8/2017,104.60 
8/8/2017,104.50 
9/8/2017,105.20 
10/8/2017,103.30 
11/8/2017,101.10 
14/8/2017,102.00 
15/8/2017,102.00 
16/8/2017,101.80 
17/8/2017,101.20 
18/8/2017,100.80 
21/8/2017,101.30 
22/8/2017,102.70 
23/8/2017,102.70 
24/8/2017,101.50 
25/8/2017,101.70 
28/8/2017,100.80 
29/8/2017,100.20 
30/8/2017,101.50 
31/8/2017,102.40 
1/9/2017,101.70 
4/9/2017,100.60 
5/9/2017,100.40 
6/9/2017,99.35 
7/9/2017,99.35 
8/9/2017,99.70 
11/9/2017,101.00 
12/9/2017,100.40 
13/9/2017,100.70 
14/9/2017,100.60 
15/9/2017,100.70 
18/9/2017,101.10 
19/9/2017,100.90 
20/9/2017,100.60 
21/9/2017,100.20 
22/9/2017,99.75 
25/9/2017,99.30 
26/9/2017,99.40 
27/9/2017,99.70 
28/9/2017,99.75 
29/9/2017,99.85 
3/10/2017,99.90 
4/10/2017,101.00 
6/10/2017,100.90 
9/10/2017,100.80 
10/10/2017,101.10 
11/10/2017,100.70 
12/10/2017,99.80 
13/10/2017,99.90 
16/10/2017,100.60 
17/10/2017,100.80 
18/10/2017,102.10 
19/10/2017,100.80 
20/10/2017,101.50 
23/10/2017,101.10 
24/10/2017,100.50 
25/10/2017,100.10 
26/10/2017,99.95 
27/10/2017,99.75 
30/10/2017,98.70 
31/10/2017,99.05 
1/11/2017,99.45 
2/11/2017,99.20 
3/11/2017,99.15 
6/11/2017,98.20 
7/11/2017,99.00 
8/11/2017,98.70 
9/11/2017,98.70 
10/11/2017,97.95 
13/11/2017,97.00 
14/11/2017,97.00 
15/11/2017,98.00 
16/11/2017,98.05 
17/11/2017,98.25 
20/11/2017,97.70 
21/11/2017,97.80 
22/11/2017,98.65 
23/11/2017,99.10 
24/11/2017,98.75 
27/11/2017,98.05 
28/11/2017,97.75 
29/11/2017,97.35 
30/11/2017,98.30 
1/12/2017,99.20 
4/12/2017,98.90 
5/12/2017,98.95 
6/12/2017,98.20 
7/12/2017,97.90 
8/12/2017,96.70 
11/12/2017,96.40 
12/12/2017,96.15 
13/12/2017,96.20 
14/12/2017,96.25 
15/12/2017,95.90 
18/12/2017,96.55 
19/12/2017,96.55 
20/12/2017,96.60 
21/12/2017,96.50 
22/12/2017,96.60 
27/12/2017,96.55 
28/12/2017,97.80 
29/12/2017,98.10 
2/1/2018,98.65 
3/1/2018,98.40 
4/1/2018,99.10 
5/1/2018,99.25 
8/1/2018,99.35 
9/1/2018,99.25 
10/1/2018,98.95 
11/1/2018,99.15 
12/1/2018,101.20 
15/1/2018,100.50 
16/1/2018,100.50 
17/1/2018,100.50 
18/1/2018,100.90 
19/1/2018,100.70 
22/1/2018,102.60 
23/1/2018,102.60 
24/1/2018,104.60 
25/1/2018,106.40 
26/1/2018,106.70 
29/1/2018,104.80 
30/1/2018,105.10 
31/1/2018,105.60 
1/2/2018,105.50 
2/2/2018,105.20 
5/2/2018,104.10 
6/2/2018,101.30 
7/2/2018,101.80 
8/2/2018,102.10 
9/2/2018,98.15 
12/2/2018,96.55 
13/2/2018,97.25 
14/2/2018,97.85 
15/2/2018,98.95 
20/2/2018,97.85 
21/2/2018,98.55 
22/2/2018,98.50 
23/2/2018,99.30 
26/2/2018,100.10 
27/2/2018,99.25 
28/2/2018,98.00 
1/3/2018,98.05 
2/3/2018,97.40 
5/3/2018,95.20 
6/3/2018,96.00 
7/3/2018,95.30 
8/3/2018,96.80 
9/3/2018,98.75 
12/3/2018,99.50 
13/3/2018,98.50 
14/3/2018,98.05 
15/3/2018,98.60 
16/3/2018,98.90 
19/3/2018,97.05 
20/3/2018,96.10 
21/3/2018,96.15 
22/3/2018,96.15 
23/3/2018,94.80 
26/3/2018,95.10 
27/3/2018,95.60 
28/3/2018,93.80 
29/3/2018,93.90 
3/4/2018,93.00 
4/4/2018,92.00 
6/4/2018,91.50 
9/4/2018,91.85 
10/4/2018,92.35 
11/4/2018,92.70 
12/4/2018,93.15 
13/4/2018,92.85 
16/4/2018,91.40 
17/4/2018,90.40 
18/4/2018,92.00 
19/4/2018,93.70 
20/4/2018,93.00 
23/4/2018,92.75 
24/4/2018,93.35 
25/4/2018,93.00 
26/4/2018,92.40 
27/4/2018,92.60 
30/4/2018,93.10 
2/5/2018,92.55 
3/5/2018,91.90 
4/5/2018,91.25 
7/5/2018,90.95 
8/5/2018,91.60 
9/5/2018,91.80 
10/5/2018,91.65 
11/5/2018,92.35 
14/5/2018,93.20 
15/5/2018,90.00 
16/5/2018,89.75 
17/5/2018,89.05 
18/5/2018,88.75 
21/5/2018,88.80 
23/5/2018,88.30 
24/5/2018,89.45 
25/5/2018,89.50 
28/5/2018,89.45 
29/5/2018,88.40 
30/5/2018,87.45 
31/5/2018,88.55 
1/6/2018,88.75 
4/6/2018,89.75 
5/6/2018,89.75 
6/6/2018,90.35 
7/6/2018,91.05 
8/6/2018,90.05 
11/6/2018,90.70 
12/6/2018,91.55 
13/6/2018,89.50 
14/6/2018,88.30 
15/6/2018,88.50 
19/6/2018,86.35 
20/6/2018,86.10 
21/6/2018,84.75 
22/6/2018,84.80 
25/6/2018,83.95 
26/6/2018,83.50 
27/6/2018,82.65 
28/6/2018,82.90 
29/6/2018,83.20 
3/7/2018,81.90 
4/7/2018,81.75 
5/7/2018,83.80 
6/7/2018,84.10 
9/7/2018,84.90 
10/7/2018,85.30 
11/7/2018,84.25 
12/7/2018,83.75 
13/7/2018,84.20 
16/7/2018,84.30 
17/7/2018,83.40 
18/7/2018,82.65 
19/7/2018,83.20 
20/7/2018,83.75 
23/7/2018,83.45 
24/7/2018,83.85 
25/7/2018,84.20 
26/7/2018,84.30 
27/7/2018,84.60 
30/7/2018,85.35 
31/7/2018,85.30 
1/8/2018,84.85 
2/8/2018,82.85 
3/8/2018,84.00 
6/8/2018,86.85 
7/8/2018,88.70 
8/8/2018,90.15 
9/8/2018,89.95 
10/8/2018,88.85 
13/8/2018,87.50 
14/8/2018,88.95 
15/8/2018,88.90 
16/8/2018,89.15 
17/8/2018,89.55 
20/8/2018,89.80 
21/8/2018,89.55 
22/8/2018,90.00 
23/8/2018,87.90 
24/8/2018,87.95 
27/8/2018,89.40 
28/8/2018,89.55 
29/8/2018,91.20 
30/8/2018,90.05 
31/8/2018,90.45 
3/9/2018,88.55 
4/9/2018,91.25 
5/9/2018,90.20 
6/9/2018,89.45 
7/9/2018,89.85 
10/9/2018,88.90 
11/9/2018,87.90 
12/9/2018,89.90 
13/9/2018,90.85 
14/9/2018,91.15 
17/9/2018,91.05 
18/9/2018,91.65 
19/9/2018,92.05 
20/9/2018,91.60 
21/9/2018,90.60 
24/9/2018,89.90 
26/9/2018,90.45 
27/9/2018,89.85 
28/9/2018,90.20 
2/10/2018,87.20 
3/10/2018,86.40 
4/10/2018,85.55 
5/10/2018,85.15 
8/10/2018,83.25 
9/10/2018,83.30 
10/10/2018,83.65 
11/10/2018,81.90 
12/10/2018,81.30 
15/10/2018,81.25 
16/10/2018,80.75 
18/10/2018,80.75 
19/10/2018,80.40 
22/10/2018,81.75 
23/10/2018,79.65 
24/10/2018,80.20 
25/10/2018,79.20 
26/10/2018,78.00 
29/10/2018,78.95 
30/10/2018,78.15 
31/10/2018,78.95 
1/11/2018,79.35 
2/11/2018,81.90 
5/11/2018,80.05 
6/11/2018,81.25 
7/11/2018,80.55 
8/11/2018,80.50 
9/11/2018,79.00 
12/11/2018,79.95 
13/11/2018,80.35 
14/11/2018,79.95 
15/11/2018,81.40 
16/11/2018,81.50 
19/11/2018,82.85 
20/11/2018,81.65 
21/11/2018,80.85 
22/11/2018,81.20 
23/11/2018,81.50 
26/11/2018,83.35 
27/11/2018,82.65 
28/11/2018,83.15 
29/11/2018,81.50 
30/11/2018,81.80 
3/12/2018,82.30 
4/12/2018,82.35 
5/12/2018,80.65 
6/12/2018,78.85 
7/12/2018,78.50 
10/12/2018,75.80 
11/12/2018,77.25 
12/12/2018,78.85 
13/12/2018,78.90 
14/12/2018,79.20 
17/12/2018,79.65 
18/12/2018,78.15 
19/12/2018,78.55 
20/12/2018,77.65 
21/12/2018,76.30 
24/12/2018,75.95 
27/12/2018,75.35 
28/12/2018,75.35 
31/12/2018,75.20 
2/1/2019,74.40 
3/1/2019,73.35 
4/1/2019,75.25 
7/1/2019,75.80 
8/1/2019,77.35 
9/1/2019,77.50 
10/1/2019,77.10 
11/1/2019,77.85 
14/1/2019,76.45 
15/1/2019,78.25 
16/1/2019,78.55 
17/1/2019,78.25 
18/1/2019,79.20 
21/1/2019,79.50 
22/1/2019,78.20 
23/1/2019,79.00 
24/1/2019,80.00 
25/1/2019,81.00 
28/1/2019,79.40 
29/1/2019,78.90 
30/1/2019,79.10 
31/1/2019,78.95 
1/2/2019,79.20 
4/2/2019,79.00 
8/2/2019,78.90 
11/2/2019,80.65 
12/2/2019,79.35 
13/2/2019,80.25 
14/2/2019,81.00 
15/2/2019,79.70 
18/2/2019,81.15 
19/2/2019,81.40 
20/2/2019,82.20 
21/2/2019,81.80 
22/2/2019,82.70 
25/2/2019,82.25 
26/2/2019,83.35 
27/2/2019,84.70 
28/2/2019,83.55 
1/3/2019,83.50 
4/3/2019,83.70 
5/3/2019,82.00 
6/3/2019,81.85 
7/3/2019,81.40 
8/3/2019,79.90 
11/3/2019,79.75 
12/3/2019,80.40 
13/3/2019,80.00 
14/3/2019,80.30 
15/3/2019,80.90 
18/3/2019,80.95 
19/3/2019,80.45 
20/3/2019,82.50 
21/3/2019,81.60 
22/3/2019,83.80 
25/3/2019,82.95 
26/3/2019,83.00 
27/3/2019,82.10 
28/3/2019,82.50 
29/3/2019,82.45 
1/4/2019,84.10 
2/4/2019,85.00 
3/4/2019,85.95 
4/4/2019,85.60 
8/4/2019,86.00 
9/4/2019,86.20 
10/4/2019,85.35 
11/4/2019,84.30 
12/4/2019,84.25 
15/4/2019,83.75 
16/4/2019,83.60 
17/4/2019,83.20 
18/4/2019,82.80 
23/4/2019,82.40 
24/4/2019,82.10 
25/4/2019,82.30 
26/4/2019,82.00 
29/4/2019,83.05 
30/4/2019,82.40 
2/5/2019,82.70 
3/5/2019,82.20 
6/5/2019,81.20 
7/5/2019,81.60 
8/5/2019,80.60 
9/5/2019,79.55 
10/5/2019,79.75 
14/5/2019,78.80 
15/5/2019,78.45 
16/5/2019,78.50 
17/5/2019,78.25 
20/5/2019,78.40 
21/5/2019,75.70 
22/5/2019,75.30 
23/5/2019,74.85 
24/5/2019,74.70 
27/5/2019,74.05 
28/5/2019,74.90 
29/5/2019,74.30 
30/5/2019,73.00 
31/5/2019,74.05 
3/6/2019,75.00 
4/6/2019,75.20 
5/6/2019,75.40 
6/6/2019,75.85 
10/6/2019,76.50 
11/6/2019,76.80 
12/6/2019,75.85 
13/6/2019,75.50 
14/6/2019,75.10 
17/6/2019,75.35 
18/6/2019,75.35 
19/6/2019,77.00 
20/6/2019,77.95 
21/6/2019,77.55 
24/6/2019,76.70 
25/6/2019,76.40 
26/6/2019,77.15 
27/6/2019,78.20 
28/6/2019,77.00 
2/7/2019,77.10 
3/7/2019,77.70 
4/7/2019,77.55 
5/7/2019,77.60 
8/7/2019,76.80 
9/7/2019,75.90 
10/7/2019,75.80 
11/7/2019,76.25 
12/7/2019,76.20 
15/7/2019,76.45 
16/7/2019,76.85 
17/7/2019,76.95 
18/7/2019,76.85 
19/7/2019,77.10 
22/7/2019,76.15 
23/7/2019,76.20 
24/7/2019,76.10 
25/7/2019,75.85 
26/7/2019,75.60 
29/7/2019,75.20 
30/7/2019,74.70 
31/7/2019,73.65 
1/8/2019,72.50 
2/8/2019,71.95 
5/8/2019,69.65 
6/8/2019,68.60 
7/8/2019,67.70 
8/8/2019,68.05 
9/8/2019,67.95 
12/8/2019,67.70 
13/8/2019,65.95 
14/8/2019,65.10 
15/8/2019,66.55 
16/8/2019,67.90 
19/8/2019,69.95 
20/8/2019,70.10 
21/8/2019,71.30 
22/8/2019,70.95 
23/8/2019,70.65 
26/8/2019,69.30 
27/8/2019,69.30 
28/8/2019,68.55 
29/8/2019,68.80 
30/8/2019,68.30 
2/9/2019,66.95 
3/9/2019,66.60 
4/9/2019,68.90 
5/9/2019,69.00 
6/9/2019,70.45 
9/9/2019,71.20 
10/9/2019,71.65 
11/9/2019,73.15 
12/9/2019,72.60 
13/9/2019,72.75 
16/9/2019,71.50 
17/9/2019,71.00 
18/9/2019,70.60 
19/9/2019,69.45 
20/9/2019,69.80 
23/9/2019,69.35 
24/9/2019,69.60 
25/9/2019,69.30 
26/9/2019,69.25 
27/9/2019,69.10 
30/9/2019,69.20 
2/10/2019,69.50 
3/10/2019,69.60 
4/10/2019,68.40 
8/10/2019,67.80 
9/10/2019,68.35 
10/10/2019,68.70 
11/10/2019,70.15 
14/10/2019,71.55 
15/10/2019,72.25 
16/10/2019,73.35 
17/10/2019,73.25 
18/10/2019,72.80 
21/10/2019,72.90 
22/10/2019,73.35 
23/10/2019,72.20 
24/10/2019,72.80 
25/10/2019,72.20 
28/10/2019,71.85 
29/10/2019,71.90 
30/10/2019,71.90 
31/10/2019,72.50 
1/11/2019,72.80 
4/11/2019,73.55 
5/11/2019,74.05 
6/11/2019,74.75 
7/11/2019,75.20 
8/11/2019,75.15 
11/11/2019,73.50 
12/11/2019,73.80 
13/11/2019,72.65 
14/11/2019,71.40 
15/11/2019,70.95 
18/11/2019,72.00 
19/11/2019,73.15 
20/11/2019,72.90 
21/11/2019,71.60 
22/11/2019,71.75 
25/11/2019,71.85 
26/11/2019,72.20 
27/11/2019,71.75 
28/11/2019,72.40 
29/11/2019,71.10 
2/12/2019,71.00 
3/12/2019,70.50 
4/12/2019,68.75 
5/12/2019,69.25 
6/12/2019,69.70 
9/12/2019,69.95 
10/12/2019,69.70 
11/12/2019,69.75 
12/12/2019,70.95 
13/12/2019,74.25 
16/12/2019,74.75 
17/12/2019,75.45 
18/12/2019,74.00 
19/12/2019,73.60 
20/12/2019,74.60 
23/12/2019,74.55 
24/12/2019,74.65 
27/12/2019,74.95 
30/12/2019,74.95 
31/12/2019,74.30 
2/1/2020,74.50 
3/1/2020,74.10 
6/1/2020,73.55 
7/1/2020,73.05 
8/1/2020,72.15 
9/1/2020,73.50 
10/1/2020,74.05 
13/1/2020,74.90 
14/1/2020,75.10 
15/1/2020,75.00 
16/1/2020,75.00 
17/1/2020,75.30 
20/1/2020,75.30 
21/1/2020,74.20 
22/1/2020,74.55 
23/1/2020,74.15 
24/1/2020,74.35 
29/1/2020,71.90 
30/1/2020,69.90 
31/1/2020,69.30 
3/2/2020,68.45 
4/2/2020,68.50 
5/2/2020,68.75 
6/2/2020,70.25 
7/2/2020,70.30 
10/2/2020,69.95 
11/2/2020,70.20 
12/2/2020,70.80 
13/2/2020,70.50 
14/2/2020,70.85 
17/2/2020,71.40 
18/2/2020,70.30 
19/2/2020,70.05 
20/2/2020,69.95 
21/2/2020,69.40 
24/2/2020,68.75 
25/2/2020,68.45 
26/2/2020,68.30 
27/2/2020,68.80 
28/2/2020,67.85 
2/3/2020,66.80 
3/3/2020,66.90 
4/3/2020,67.35 
5/3/2020,67.80 
6/3/2020,66.60 
9/3/2020,64.00 
10/3/2020,63.60 
11/3/2020,61.75 
12/3/2020,58.55 
13/3/2020,55.45 
16/3/2020,53.05 
17/3/2020,53.45 
18/3/2020,49.90 
19/3/2020,45.55 
20/3/2020,49.60 
23/3/2020,45.95 
24/3/2020,47.25 
25/3/2020,50.00 
26/3/2020,50.15 
27/3/2020,52.90 
